"Variable","Spearman_r","Pearson_r","Rank_Spearman","Rank_Pearson","Rank_Combined"
"REPLE_5nm_Median",0.595625427204375,0.491923893812319,3,1,4
"PRInorm_5nm_Median",-0.621257689678742,-0.461527370162203,1,7,8
"PRI_5nm_Median",0.584962406015038,0.482234771603558,9,2,11
"Vogelmann3_15nm_Median",0.580587833219412,0.468405384113572,10,4,14
"Maccioni_15nm_Median",0.590293916609706,0.456709343732566,4,11,15
"REPLi_15nm_Median",0.588516746411483,0.456962779046552,5,10,15
"D2_15nm_Median",-0.588516746411483,-0.452316922476978,5,15,20
"Maccioni_5nm_Median",0.579972658920027,0.460136257353206,12,8,20
"REPLE_15nm_Median",0.586397812713602,0.454323995986313,7,14,21
"mND705_5nm_Median",0.557894736842105,0.466152458511994,21,5,26
"MTCI_5nm_Median",0.580177717019822,0.441727068355108,11,19,30
"D2_5nm_Median",-0.579699248120301,-0.446423307118795,13,17,30
"mND705_15nm_Median",0.556459330143541,0.465724574479031,24,6,30
"mSR705_5nm_Median",0.557894736842105,0.454395616901776,21,13,34
"Datt3_15nm_Median",0.57717019822283,0.440425095340039,15,21,36
"REPLi_5nm_Median",0.559808612440191,0.44897092121284,20,16,36
"mSR705_15nm_Median",0.556459330143541,0.45566632441284,24,12,36
"MTCI_15nm_Median",0.585372522214628,0.430248908222836,8,30,38
"D1_15nm_Median",0.574094326725906,0.434074192771281,17,25,42
"PRInorm_15nm_Median",-0.606356801093643,-0.414140908459634,2,45,47
"Datt_5nm_Median",0.57758031442242,0.422603936494842,14,36,50
"Vogelmann_5nm_Median",0.542857142857143,0.435929674432773,26,24,50
"Carter4_15nm_Median",-0.538755980861244,-0.430389838898542,29,29,58
"age",0.574566397273448,0.413443706069582,16,46,62
"SR6_15nm_Median",0.53485987696514,0.426192088147942,31,31,62
"Vogelmann_15nm_Median",0.53485987696514,0.426192088147942,31,31,62
"ARI2_5nm_Median",-0.514627477785373,-0.444312085124151,44,18,62
"Vogelmann2_15nm_Median",-0.538892686261107,-0.421256819072372,28,37,65
"Datt_15nm_Median",0.571907040328093,0.410246796548504,18,48,66
"Datt2_5nm_Median",0.556937799043062,0.41590465498639,23,43,66
"Carter4_5nm_Median",-0.516336295283664,-0.432561867570545,41,27,68
"NDVI2_5nm_Median",0.515652768284347,0.433270525621769,42,26,68
"TCARIOSAVI_5nm_Median",-0.539986329460014,-0.416538667580721,27,42,69
"Vogelmann4_15nm_Median",-0.537252221462748,-0.417652205585843,30,40,70
"Datt2_15nm_Median",0.560970608339029,0.402753110054042,19,54,73
"mNDVI_15nm_Median",0.504784688995215,0.440517646025897,53,20,73
"PSRI_15nm_Median",-0.508885850991114,-0.431407483436101,46,28,74
"SIPI_15nm_Median",-0.504784688995215,-0.438302432965525,53,23,76
"ARI1_5nm_Median",-0.51244019138756,-0.423320316853372,45,35,80
"TCARIOSAVI_15nm_Median",-0.530622009569378,-0.409311628164971,34,51,85
"zpcum8",0.471573335224957,0.476133629899508,82,3,85
"SR6_5nm_Median",0.517976760082023,0.41129965763261,39,47,86
"mSR2_5nm_Median",0.515652768284347,0.414380316435725,42,44,86
"TCARI2OSAVI2_5nm_Median",-0.519138755980861,-0.409760659869462,37,50,87
"Vogelmann4_5nm_Median",-0.531168831168831,-0.401040827271494,33,57,90
"MCARIOSAVI_5nm_Median",-0.507655502392344,-0.417556706893824,50,41,91
"CARI_5nm_Median",-0.507792207792208,-0.410106592160598,49,49,98
"Carter2_15nm_Median",-0.500615174299385,-0.418233146232315,63,39,102
"NDVI2_15nm_Median",0.498496240601504,0.420140641512891,66,38,104
"mNDVI_5nm_Median",0.481954887218045,0.424892878280459,71,33,104
"PSRI_5nm_Median",-0.505058099794942,-0.408951740369573,52,53,105
"SIPI_5nm_Median",-0.481954887218045,-0.424571965699121,71,34,105
"Vogelmann2_5nm_Median",-0.517224880382775,-0.396713812718079,40,66,106
"GMI2_5nm_Median",0.508544087491456,0.399334427227678,47,59,106
"SR1_5nm_Median",0.508544087491456,0.399334427227678,47,59,106
"mSR_15nm_Median",0.502255639097744,0.40915990585738,55,52,107
"TCARI2_5nm_Median",-0.522624743677375,-0.381015521359351,35,76,111
"CI2_5nm_Median",0.502187286397813,0.401529842651582,57,56,113
"zpcum9",0.445181134654819,0.440388894497385,91,22,113
"PRI_15nm_Median",0.502255639097744,0.398390401879678,55,65,120
"TCARI2OSAVI2_15nm_Median",-0.501435406698565,-0.395931257765417,59,67,126
"mSR2_15nm_Median",0.498496240601504,0.399333903052155,66,61,127
"TCARI2_15nm_Median",-0.506493506493506,-0.379524738283669,51,78,129
"GMI2_15nm_Median",0.498496240601504,0.398446749079667,66,63,129
"SR1_15nm_Median",0.498496240601504,0.398446749079667,66,63,129
"Area_m2",0.399794941900205,0.459066859230209,120,9,129
"EGFN_15nm_Median",0.500751879699248,0.391809797180813,61,71,132
"CI2_15nm_Median",0.500615174299385,0.393748589457672,63,69,132
"Gitelson2_15nm_Median",-0.50041011619959,-0.394673397789641,65,68,133
"CARI_15nm_Median",-0.481681476418318,-0.399028859531628,74,62,136
"MCARIOSAVI_15nm_Median",-0.477375256322625,-0.399938990055455,78,58,136
"Carter3_5nm_Median",-0.481954887218045,-0.393687799149523,71,70,141
"Carter2_5nm_Median",-0.463568010936432,-0.402379094926896,86,55,141
"Datt6_5nm_Median",0.520505809979494,0.330763286924667,36,106,142
"Datt6_15nm_Median",0.518181818181818,0.324753910255521,38,110,148
"ClAInt_5nm_Median",-0.478605604921394,-0.381100195827514,77,75,152
"ClAInt_15nm_Median",-0.479425837320574,-0.380469773036954,76,77,153
"Gitelson_5nm_Median",0.50123034859877,0.354579293054127,60,94,154
"Carter6_15nm_Median",-0.480109364319891,-0.375773110853294,75,79,154
"Carter3_15nm_Median",-0.463773069036227,-0.38648277998559,85,73,158
"D1_5nm_Median",0.501572112098428,0.339770419142502,58,101,159
"EGFR_15nm_Median",0.500751879699248,0.350563628329714,61,98,159
"Carter6_5nm_Median",-0.476691729323308,-0.37569226645317,79,81,160
"Gitelson_15nm_Median",0.496719070403281,0.352448148918751,70,96,166
"EGFN_5nm_Median",0.476076555023923,0.360973923826679,80,89,169
"GreenNDVI_15nm_Median",0.457416267942584,0.364424287851182,87,87,174
"WBI_15nm_Median",-0.438209159261791,-0.385144134853393,101,74,175
"Gitelson2_5nm_Median",-0.466097060833903,-0.353670274004086,84,95,179
"mSR_5nm_Median",0.453451811346548,0.358336235721002,89,92,181
"PSSR_15nm_Median",0.467395762132604,0.343324716833306,83,100,183
"GreenNDVI_5nm_Median",0.444907723855092,0.359567816448827,92,91,183
"TCARI_5nm_Median",-0.440191387559809,-0.362580175692064,96,88,184
"NDVI_15nm_Median",0.425837320574163,0.373221577421454,104,82,186
"DD_5nm_Median",0.437935748462064,0.366802052168596,102,85,187
"GDVI2_15nm_Median",0.425837320574163,0.371330450094377,104,83,187
"PSSR_5nm_Median",0.457211209842789,0.336374168474169,88,104,192
"SR2_5nm_Median",0.440328092959672,0.338857376967377,95,102,197
"EGFR_5nm_Median",0.476076555023923,0.316083007506657,80,120,200
"GDVI2_5nm_Median",0.408065618591934,0.360675639615671,112,90,202
"GDVI3_15nm_Median",0.425837320574163,0.347230519070393,104,99,203
"NDVI_5nm_Median",0.408065618591934,0.357246459079893,112,93,205
"GMI1_5nm_Median",0.440191387559809,0.323886392770018,96,111,207
"SR3_5nm_Median",0.440191387559809,0.323886392770018,96,111,207
"Datt3_5nm_Median",0.38755980861244,0.368137026942621,123,84,207
"TCARI_15nm_Median",-0.417634996582365,-0.351466128765043,111,97,208
"ARI1_15nm_Median",-0.370061517429938,-0.375697726395057,132,80,212
"GMI1_15nm_Median",0.438892686261107,0.319438806106845,99,115,214
"SR3_15nm_Median",0.438892686261107,0.319438806106845,99,115,214
"GDVI3_5nm_Median",0.408065618591934,0.337239213937713,112,103,215
"SR_15nm_Median",0.425837320574163,0.323084510765986,104,113,217
"SR2_15nm_Median",0.419412166780588,0.319973298775445,110,114,224
"GDVI4_15nm_Median",0.425837320574163,0.3137611651629,104,121,225
"TGI_5nm_Median",-0.405263157894737,-0.32694661558898,118,109,227
"zpcum7",0.318865345181135,0.391255087909415,156,72,228
"Boochs_15nm_Median",-0.395967190704033,-0.329843637887131,121,108,229
"MCARI_5nm_Median",-0.385782638414217,-0.332632041878253,124,105,229
"ARI2_15nm_Median",-0.354955570745044,-0.364950585951867,144,86,230
"CRI3_15nm_Median",0.449077238550923,0.284016311704325,90,141,231
"CRI4_15nm_Median",0.443335611756664,0.278385489988162,93,143,236
"CRI4_5nm_Median",0.441695146958305,0.271929810826913,94,145,239
"TGI_15nm_Median",-0.390704032809296,-0.317138972642806,122,118,240
"GDVI4_5nm_Median",0.408065618591934,0.303057642817942,112,130,242
"NDVI3_15nm_Median",-0.380587833219412,-0.317731327133269,126,117,243
"CRI3_5nm_Median",0.437935748462064,0.278411455474397,102,142,244
"MCARI2OSAVI2_5nm_Median",0.373479152426521,0.316394934834478,130,119,249
"SR_5nm_Median",0.408065618591934,0.291117499045739,112,139,251
"Datt4_5nm_Median",0.379562542720437,0.308989665934699,129,124,253
"Vogelmann3_5nm_Median",0.402665755297334,0.296307575236173,119,137,256
"PRICI2_5nm_Median",0.33943950786056,0.329978381276494,150,107,257
"DWSI4_15nm_Median",0.380587833219412,0.298447226933187,126,132,258
"GI_15nm_Median",0.380587833219412,0.298447226933187,126,132,258
"MCARI2_5nm_Median",0.364798359535202,0.308440765429663,134,125,259
"MCARI_15nm_Median",-0.366165413533835,-0.304089142487406,133,128,261
"OSAVI2_5nm_Median",0.36473000683527,0.307469044973949,135,127,262
"MPRI_15nm_Median",-0.370745044429255,-0.296925136455284,131,135,266
"Datt5_15nm_Median",-0.355639097744361,-0.30794723672158,141,126,267
"PSND_5nm_Median",0.354066985645933,0.313097601297602,145,122,267
"CRI1_15nm_Median",0.419822282980178,0.246141213287424,109,159,268
"MCARI2OSAVI2_15nm_Median",0.358714969241285,0.3022251473033,138,131,269
"PSND_15nm_Median",0.345249487354751,0.311504805994453,148,123,271
"SRPI_5nm_Median",0.355365686944634,0.297245591550099,142,134,276
"CRI1_5nm_Median",0.407587149692413,0.239336806937235,117,161,278
"NPCI_5nm_Median",-0.355365686944634,-0.296528659363589,142,136,278
"PARS_15nm_Median",0.383185235816815,0.257691693508716,125,155,280
"EVI_15nm_Median",-0.36431989063568,-0.26801491441578,136,148,284
"Boochs_5nm_Median",-0.350786056049214,-0.292995093701625,147,138,285
"EVI_5nm_Median",-0.360765550239234,-0.267408828149045,137,149,286
"DBH",0.310981236724231,0.303285214603904,157,129,286
"Datt5_5nm_Median",-0.343882433356118,-0.286634353231288,149,140,289
"MPRI_5nm_Median",-0.353383458646617,-0.270011188257825,146,146,292
"PARS_5nm_Median",0.358304853041695,0.247927761427031,139,157,296
"DPI_15nm_Median",0.357552973342447,0.248674545862059,140,156,296
"MCARI2_15nm_Median",0.320505809979494,0.272113184006599,155,144,299
"NDVI3_5nm_Median",-0.327136021872864,-0.266870684282613,151,151,302
"Datt4_15nm_Median",0.321052631578947,0.266060015591241,154,152,306
"SRPI_15nm_Median",0.302939166097061,0.269451845536893,159,147,306
"NPCI_15nm_Median",-0.302939166097061,-0.267386096442393,159,150,309
"DWSI4_5nm_Median",0.325085440874915,0.240099549543027,152,160,312
"GI_5nm_Median",0.324265208475735,0.235318948167879,153,162,315
"DD_15nm_Median",0.286876281613124,0.261105866465338,162,154,316
"OSAVI2_15nm_Median",0.261654135338346,0.246459529012699,166,158,324
"CRI2_5nm_Median",0.303007518796992,0.165357240286167,158,168,326
"WBI_5nm_Median",0.189815447710185,0.263110007399915,174,153,327
"Carter_5nm_Median",-0.266985645933014,-0.209309514507568,164,165,329
"SR7_5nm_Median",0.260560492139439,0.219391450682919,167,163,330
"CRI2_15nm_Median",0.301503759398496,0.150854356694073,161,170,331
"SR7_15nm_Median",0.253998632946001,0.217345081201516,168,164,332
"zq20",0.276139230434182,0.148309703512453,163,171,334
"zsd",-0.266097060833903,-0.146756122892264,165,173,338
"zpcum1",-0.245881468890827,-0.156221148313404,169,169,338
"SumDr1_5nm_Median",-0.207313738892686,-0.148170423827798,171,172,343
"pzabove2",0.209022556390977,0.128916341013533,170,178,348
"SR5_15nm_Median",-0.184415584415584,-0.144031637718165,176,174,350
"CI_5nm_Median",-0.131305536568694,-0.166675075729804,187,167,354
"zpcum2",-0.171565276828435,-0.136047764698038,180,176,356
"CI_15nm_Median",-0.195898838004101,-0.114668095714931,173,187,360
"TVI_15nm_Median",-0.172932330827068,-0.121057692982903,179,181,360
"Carter5_15nm_Median",0.184415584415584,0.114742693372041,176,185,361
"SR4_15nm_Median",0.184415584415584,0.114742693372041,176,185,361
"zmax",0.186397812713602,0.11358148830674,175,189,364
"zpcum3",-0.147983595352016,-0.115389653732535,184,184,368
"zkurt",0.20164046479836,0.0839646733931581,172,199,371
"Boochs2_15nm_Median",-0.168762816131237,-0.113539344849778,181,190,371
"zpcum4",-0.124743677375256,-0.116685602537515,188,183,371
"Boochs2_5nm_Median",-0.167669172932331,-0.0958084513542025,182,193,375
"zpcum6",0.0835953520164047,0.178247285249008,209,166,375
"TVI_5nm_Median",-0.142447026657553,-0.0981159988354096,185,192,377
"zq60",-0.105058099794942,-0.122314575980254,197,180,377
"zq15",0.155983987375415,0.0928041385283152,183,195,378
"zq10",0.103421993302175,0.117150262430582,199,182,381
"OSAVI_5nm_Median",0.0982228298017772,0.128118527099152,202,179,381
"SR5_5nm_Median",-0.119343814080656,-0.101843671152753,191,191,382
"OSAVI_15nm_Median",0.0942583732057416,0.132384743178151,205,177,382
"zentropy",0.088695652173913,0.14092377354532,207,175,382
"Carter_15nm_Median",-0.123171565276828,-0.078506096788275,189,200,389
"SR8_5nm_Median",-0.109706083390294,-0.0853321071909021,195,197,392
"zq65",-0.0947368421052632,-0.113689599988691,204,188,392
"MTVI_5nm_Median",-0.120300751879699,-0.0757972720585464,190,204,394
"SR4_5nm_Median",0.11866028708134,0.0780954242775011,192,203,395
"zq25",0.131920710868079,0.0483290853298251,186,213,399
"SumDr1_15nm_Median",-0.116678058783322,-0.0674184206349244,193,207,400
"MTVI_15nm_Median",-0.115789473684211,-0.0708284434316369,194,206,400
"zq70",-0.0802460697197539,-0.0955492666205269,210,194,404
"DDn_15nm_Median",0.109706083390294,0.0501577227117372,195,211,406
"DPI_5nm_Median",0.0965823650034176,0.0729907395637703,203,205,408
"zq75",-0.0695830485304169,-0.0842266025744359,214,198,412
"Carter5_5nm_Median",0.10498974709501,0.0425169933885891,198,215,413
"zq55",-0.0649350649350649,-0.0917436222716424,218,196,414
"zq95",0.103075871496924,0.0391855523659216,200,218,418
"SR8_15nm_Median",-0.0711551606288448,-0.0648179028448606,213,208,421
"RDVI_5nm_Median",0.0395078605604921,0.0781662301083464,223,202,425
"SumDr2_15nm_Median",-0.0891319207108681,-0.0322492240698876,206,222,428
"PRICI2_15nm_Median",-0.0881066302118934,-0.0353299640993874,208,221,429
"zq30",0.0721120984278879,0.0396264968909004,212,217,429
"zq50",-0.0573479152426521,-0.0560619339840657,219,210,429
"RDVI_15nm_Median",0.025974025974026,0.0782857033300551,229,201,430
"SPVI_5nm_Median",-0.0747095010252905,-0.0293703027107729,211,223,434
"zq80",-0.0307587149692413,-0.0633730332191635,226,209,435
"zskew",-0.10082023239918,0.0043638926697999,201,235,436
"zq5",-0.0330303451611797,-0.0484388323200496,225,212,437
"zq35",0.044565960355434,0.0399699669628344,222,216,438
"zq40",0.0356117566643882,0.0389298025624071,224,219,443
"SumDr2_5nm_Median",-0.0669856459330143,-0.013042135547061,216,232,448
"SPVI_15nm_Median",-0.0557074504442926,-0.0203038263265446,220,228,448
"rugosity",-0.028298017771702,0.0377871438150118,228,220,448
"zq90",0.0675324675324675,0.00992466863839274,215,234,449
"DDn_5nm_Median",0.0668489405331511,0.0111556800209947,217,233,450
"zpcum5",-0.0452494873547505,0.0164836220049968,221,229,450
"pzabovezmean",0.000820232399179768,-0.0437929304066522,236,214,450
"SAVI_5nm_Median",-0.0220095693779904,0.026243904312614,231,224,455
"SAVI_15nm_Median",-0.0205741626794258,0.0261528069204243,232,225,457
"MSAVI_5nm_Median",-0.0297334244702666,0.0130790733887683,227,231,458
"MSAVI_15nm_Median",-0.0233766233766234,0.0142550539724285,230,230,460
"zq45",-0.0167464114832536,-0.0205046873607164,233,227,460
"zq85",0.0136705399863295,-0.0228785957696996,234,226,460
"zmean",0.00977443609022556,0.0013246778323049,235,236,471
