"Pile","Round","Observed","Predicted_nested"
"1","1",1.34,1.13385366943907
"1","2",1.18,0.892795488945911
"1","3",0.97,0.812728993629279
"1","4",0.43,0.286816708338641
"1","5",0.16,-0.0138955931502478
"2","1",1.26,1.24926595183573
"2","2",1.17,1.22222474917941
"2","3",1,1.13394102532642
"2","4",0.5,0.670901472176992
"3","1",1.31,1.60219954489027
"3","2",1.38,1.47111248437706
"3","3",1.22,1.36533505957192
"3","4",1.12,1.3661056928125
"3","5",1.11,1.31094723077258
"3","6",1.04,1.21666456614364
"3","7",0.65,0.564761509695245
"4","1",1.27,1.1506331454071
"4","2",1.14,1.09365988442508
"4","3",1.15,1.09056165154062
"4","4",1.04,0.985535670143371
"4","5",1.01,0.840218979431343
"4","6",0.88,0.907692046818835
"4","7",0.47,0.313280981184469
"5","1",1.57,1.21740958351454
"5","2",1.44,1.06614638102643
"5","3",1.41,1.13086295575281
"5","4",1.27,1.14826593214296
"5","5",1.22,0.947925405688083
"5","6",1.03,1.0272350542574
"5","7",0.74,0.707814697853147
