"Wavelength","VIP"
398,0.406284042282802
399,0.406904349940063
400,0.408840147096819
401,0.40962353973092
402,0.411833544797536
403,0.422470480844435
404,0.429200759114409
405,0.429718539016225
406,0.424441905224531
407,0.424893355072714
408,0.418669230979288
409,0.412223974657772
410,0.406737464701986
411,0.400983878832281
412,0.395476866276623
413,0.389714824583647
414,0.386397326643712
415,0.383211735700145
416,0.382477471045798
417,0.382438741980676
418,0.381286256590484
419,0.377547745708496
420,0.372752787256168
421,0.368430527220581
422,0.361447280597512
423,0.355560663240585
424,0.350813812063547
425,0.346150132208497
426,0.341327910269021
427,0.336960653864654
428,0.331494176580046
429,0.325757800081287
430,0.322063620399742
431,0.317593759724594
432,0.31246414836022
433,0.31053894465135
434,0.309043580245273
435,0.306589491494453
436,0.30285403357737
437,0.296194560744155
438,0.288715589240333
439,0.282068760820539
440,0.276709619307189
441,0.274055826938823
442,0.270342165250217
443,0.266047673772123
444,0.260461338274287
445,0.256986970478572
446,0.254088578789234
447,0.251218568521402
448,0.245388775971921
449,0.239156855659797
450,0.23594215465789
451,0.234674996483038
452,0.233149892596364
453,0.234139139432957
454,0.23572902443015
455,0.235575539332894
456,0.226550844762611
457,0.225443044378874
458,0.227884039952566
459,0.228176041635289
460,0.226279163780721
461,0.222261390050503
462,0.222112539662746
463,0.223155718109566
464,0.224424781112701
465,0.221385868658036
466,0.215658152892787
467,0.211195904924434
468,0.213857152608779
469,0.210794118258099
470,0.205390253440856
471,0.207997098111668
472,0.206122058148459
473,0.201712523184994
474,0.199529793810548
475,0.19429408793714
476,0.189985747488464
477,0.191585537351103
478,0.195371299034948
479,0.197212921737346
480,0.196813299339234
481,0.189707970738482
482,0.181716570240242
483,0.17783055999366
484,0.174706248066223
485,0.173228361898761
486,0.173808953005625
487,0.172118450480669
488,0.16971456335735
489,0.168209018727099
490,0.166173696700993
491,0.16503476981882
492,0.166278575327347
493,0.164883279767146
494,0.163168898348987
495,0.164604057367137
496,0.16480547588561
497,0.165582198445207
498,0.167259742227819
499,0.168419337087562
500,0.169236187661098
501,0.168537921975844
502,0.170943770998155
503,0.174235404577274
504,0.176920414768847
505,0.182247426787439
506,0.186799301705436
507,0.189259899672838
508,0.19135360192075
509,0.195236817374748
510,0.202679940892324
511,0.208224651084934
512,0.217276202232909
513,0.230845938990233
514,0.245465489863141
515,0.260568870501509
516,0.276217562016889
517,0.295906859019429
518,0.317454578716909
519,0.339530320167257
520,0.360739901192691
521,0.389152884209248
522,0.421007812104514
523,0.447787308338889
524,0.476060263775141
525,0.504925193285428
526,0.532186312224758
527,0.558419454315525
528,0.585389591949853
529,0.614120795771179
530,0.647107782657929
531,0.680093030571178
532,0.711715802673087
533,0.743617237633294
534,0.772213650778958
535,0.796805488096268
536,0.823113835846929
537,0.847905721910376
538,0.869437731011647
539,0.883893690531942
540,0.89069323957098
541,0.893481758346934
542,0.899018766645854
543,0.902256521283916
544,0.900699324536821
545,0.894110854492145
546,0.887263650242294
547,0.880210107488774
548,0.872537588634106
549,0.862403243166447
550,0.852383063522518
551,0.842364514922783
552,0.828801391912399
553,0.81508196304372
554,0.800992703720824
555,0.781794964573633
556,0.761311712009189
557,0.74017228266013
558,0.717861131123672
559,0.692374616482328
560,0.666692474970365
561,0.644505325127236
562,0.620351865908192
563,0.596805738173447
564,0.574732676835804
565,0.551010444287473
566,0.528163975958776
567,0.506146981757067
568,0.482221273406373
569,0.459761038853624
570,0.43922476721161
571,0.420297601832215
572,0.405525643450639
573,0.395138290956883
574,0.388764757685465
575,0.386307693975985
576,0.38747501086563
577,0.391397043296914
578,0.397030083003388
579,0.40281862500925
580,0.408654109861294
581,0.416684199269864
582,0.424314216111581
583,0.431749550416724
584,0.440893863291463
585,0.449044163612866
586,0.456801091120572
587,0.464372525517393
588,0.470790083520597
589,0.47505198280186
590,0.477041208714969
591,0.480822157726555
592,0.480604671868458
593,0.478051957784498
594,0.475703273367997
595,0.472704408051331
596,0.46876776905722
597,0.463368052448093
598,0.457916447734294
599,0.451725207971199
600,0.444754954192248
601,0.437119335995514
602,0.431354228050018
603,0.42600172376362
604,0.420055636644415
605,0.415339356584725
606,0.411848042618899
607,0.409861324580454
608,0.408746191134272
609,0.409058581218818
610,0.410045597206375
611,0.411401806166077
612,0.415482371730107
613,0.419628835720606
614,0.423386626894689
615,0.429786030689086
616,0.437123184771332
617,0.445142160455725
618,0.454237309522929
619,0.463813493056882
620,0.473506208648658
621,0.483013169159315
622,0.492133242920872
623,0.501388448336606
624,0.510831850828904
625,0.519891054860324
626,0.528286609218335
627,0.535702057906198
628,0.542355474337666
629,0.547261403883067
630,0.551859274891889
631,0.555315111943619
632,0.554433714099585
633,0.55219847098646
634,0.548180935100355
635,0.542777763849477
636,0.53377719572161
637,0.523867252007663
638,0.514514765676309
639,0.506995020307974
640,0.496851071919685
641,0.486880905435341
642,0.479575697309057
643,0.46805727384727
644,0.458881963977982
645,0.45309519545238
646,0.447203643919801
647,0.442550930636178
648,0.438598700787332
649,0.435605120084455
650,0.434254834651264
651,0.431810644442576
652,0.428127094681423
653,0.424285240193111
654,0.418511166181261
655,0.412254150179325
656,0.40544386014412
657,0.397994382594641
658,0.389327913833247
659,0.379908204013143
660,0.369950763438266
661,0.358344174766699
662,0.346829798653609
663,0.335731067608101
664,0.324823733229391
665,0.316190569596136
666,0.307699283422449
667,0.299083859225238
668,0.29309835879386
669,0.288157515531462
670,0.284467163882957
671,0.282319396140758
672,0.2836819590917
673,0.28688411604591
674,0.291705745553873
675,0.298053917691
676,0.307156517200553
677,0.318871106095935
678,0.332879100006255
679,0.349769520789576
680,0.368152976743096
681,0.391282869920183
682,0.418645005688899
683,0.447100507860473
684,0.477736309679982
685,0.508711903001359
686,0.536565643661619
687,0.560317428157073
688,0.577160964990207
689,0.585185292910072
690,0.584847839947255
691,0.570866545541235
692,0.546596744397173
693,0.516271629702352
694,0.484531543602863
695,0.456731348666073
696,0.432065670481143
697,0.422815525116273
698,0.43154931229391
699,0.460427507527843
700,0.504921538093223
701,0.554516557084621
702,0.598605189031784
703,0.644881328992
704,0.681716053270586
705,0.707191973621691
706,0.725388929422315
707,0.735916187415546
708,0.743153093511995
709,0.749343053203234
710,0.757187642354337
711,0.7651301239364
712,0.774379852974735
713,0.785343204913263
714,0.796888965756317
715,0.810157155329107
716,0.822141862319296
717,0.833057478171744
718,0.847236378365572
719,0.862806470403262
720,0.880454893387182
721,0.898519535120069
722,0.919577158775088
723,0.942856408288063
724,0.969721030834265
725,1.00057694488703
726,1.03433370643626
727,1.06602489142342
728,1.10220463721854
729,1.14342032891594
730,1.18287347303989
731,1.22518686668571
732,1.27078779186221
733,1.31497577889847
734,1.35515488472035
735,1.40247405766074
736,1.44415364504843
737,1.48002507302794
738,1.51470504569535
739,1.54763399584123
740,1.57426193180692
741,1.59781439797716
742,1.62165175990309
743,1.64773692500642
744,1.66643543864236
745,1.6826087349581
746,1.6967285142243
747,1.70487443681701
748,1.70830759256393
749,1.70960652881565
750,1.70948184976221
751,1.70693003174884
752,1.70299397738667
753,1.70512503828316
754,1.70539518655188
755,1.69842604396095
756,1.69062264113632
757,1.68468395193846
758,1.68042706201619
759,1.67451369503607
760,1.66340772561611
761,1.65497375526139
762,1.6434938531697
763,1.63351626834776
764,1.625825384264
765,1.61263383887712
766,1.59962625702181
767,1.59084123400331
768,1.58520085061174
769,1.57919498488027
770,1.56536057484402
771,1.5586979696408
772,1.55165780673268
773,1.53958223000377
774,1.53072549977185
775,1.52447016248547
776,1.51550278801125
777,1.50648562271442
778,1.5000722263693
779,1.49022416845441
780,1.484419468982
781,1.48024410616994
782,1.47452908690511
783,1.46593282920237
784,1.45661547676088
785,1.45261415646161
786,1.44468586450913
787,1.43425467879319
788,1.43097189668208
789,1.43441859846764
790,1.42374569646539
791,1.41435803301163
792,1.41437071894119
793,1.41914152766434
794,1.41661533878058
795,1.40909146011279
796,1.39492305326301
797,1.37961718783831
798,1.37260974573575
799,1.36223941655339
800,1.35665609553181
801,1.35127792508942
802,1.34442115120174
803,1.33769366926922
804,1.33654708696963
805,1.33105963184142
806,1.32728623197288
807,1.32507565544205
808,1.32106965286656
809,1.31294471140909
810,1.3036748918102
811,1.29919034125705
812,1.29493070926694
813,1.28714211940455
814,1.27858307728374
815,1.27569268229361
816,1.27242136200942
817,1.26469479852031
818,1.25513773196577
819,1.25146849114979
820,1.25332259627585
821,1.24718600180547
822,1.23895151705161
823,1.22996410134213
824,1.22002115392943
825,1.2102781661492
826,1.1985509322806
827,1.19070574691117
828,1.18285783081814
829,1.17545765859288
830,1.16738761018323
831,1.15598856266593
832,1.15422051795936
833,1.1447880603226
834,1.13597029476213
835,1.12806838491811
836,1.11967001488434
837,1.11529238915803
838,1.10922312752163
839,1.10767419515253
840,1.10325484716087
841,1.09810007705919
842,1.0959665251599
843,1.09508840714051
844,1.0882936944175
845,1.08315152832701
846,1.08305026754062
847,1.07964797295425
848,1.0731878263388
849,1.06974125359481
850,1.06572797541251
851,1.06744074513396
852,1.06480166667035
853,1.06309461627897
854,1.06414321961635
855,1.06583115602015
856,1.06459088323097
857,1.06035204077916
858,1.05355597326315
859,1.04950048230684
860,1.04387844381467
861,1.03692741319809
862,1.03175300950885
863,1.02910261647059
864,1.02745042770949
865,1.03279713147799
866,1.02922901484879
867,1.02874972506115
868,1.0280654392982
869,1.02484751707315
870,1.02256312822999
871,1.02269219057966
872,1.01757903608015
873,1.01575498875328
874,1.0148066674886
875,1.01274488865241
876,1.00894531564635
877,1.0063856355825
878,1.00484247289379
879,1.00221404481942
880,1.00214912011933
881,0.998438349810081
882,0.994640895467804
883,0.992691296473691
884,0.993736696548516
885,0.991883215210546
886,0.985957325334267
887,0.982738586703567
888,0.986850780244461
889,0.984953961547219
890,0.981362231375785
891,0.98112853406643
892,0.980384930070975
893,0.974337758682373
894,0.972134505201114
895,0.971636154570476
896,0.967925406349867
897,0.964210861016648
898,0.968217405769765
899,0.966612561041829
900,0.960459473519928
901,0.962745297435387
902,0.962474042326968
903,0.960274543006296
904,0.960321777715252
905,0.955308563587163
906,0.956814965093942
907,0.957466836653162
908,0.953753410390295
909,0.95544484200251
910,0.957553544847676
911,0.953717692226514
912,0.954171632761631
913,0.956209351017978
914,0.956253968361889
915,0.953706758158278
916,0.9520345882587
917,0.949742248080562
918,0.950245232242455
919,0.948007097258266
920,0.949157724413104
921,0.952039460474687
922,0.952916062547337
923,0.951274802396886
924,0.951378899134302
925,0.954102620601779
926,0.955889292606733
927,0.958204828266064
928,0.959428750610056
929,0.963770868791815
930,0.966969566040277
931,0.97496702938434
932,0.982177398194093
933,0.992336455922861
934,1.00336278695417
935,1.01329387637804
936,1.02570027216323
937,1.04293824069166
938,1.06192087297254
939,1.07684490425204
940,1.09573351470481
941,1.11650601067444
942,1.1380991460322
943,1.17175188478525
944,1.19849189699325
945,1.22539132699056
946,1.25409713285596
947,1.28676099260479
948,1.31890457358532
949,1.36445827749281
950,1.41595940761267
951,1.47319943080357
952,1.52917508124976
953,1.57742697866941
954,1.63607293693051
955,1.69431618333481
956,1.74415284578272
957,1.7851405796118
958,1.8396781844541
959,1.87445641180305
960,1.88615567906568
961,1.91824492383269
962,1.9382214454424
963,1.96517588038053
964,1.96497371226342
965,1.97470389876031
966,1.96912825099586
967,1.98037118527463
968,1.98315451268315
969,1.98955686943842
970,2.00690488370047
971,1.97967994437788
972,1.97711351773865
973,1.99949046547932
974,1.96631696284338
975,1.93999376829915
976,1.95568206748266
977,1.94809843688555
978,1.92790292610408
979,1.93902416437549
980,1.92095240468791
981,1.9143717701403
982,1.90932763489885
983,1.90503120053803
984,1.89845318225835
985,1.89747780999818
986,1.89035901365321
987,1.88685289497335
988,1.88519808596364
989,1.88068201589465
990,1.86591507263618
991,1.86030270127016
992,1.83768460350405
993,1.81829446298541
994,1.82424150929656
995,1.83258839630355
996,1.85358433851174
997,1.8287747579572
998,1.83072616659034
999,1.814653819008
1000,1.82196498888896
