"Observed","Predicted"
0,1.3025
0,3.79203333333333
3,2.1098
2,7.29713333333333
18,16.5903333333333
1,1.8836
3,2.61346666666667
18,6.3994
3,2.85983333333333
16,16.5734
3,7.7057
3,7.41666666666667
1,3.74123333333333
1,5.2978
7,11.2825666666667
19,12.6681
1,1.80996666666667
3,1.92563333333333
3,0.995333333333333
17,4.06346666666667
1,2.1432
0,2.60643333333333
0,3.0027
3,2.6692
3,2.40563333333333
18,16.239
3,3.24766666666667
3,3.72986666666667
0,5.34053333333333
18,16.4306666666667
0,1.19373333333333
0,1.06916666666667
3,3.27336666666667
3,2.4108
6,12.0536
8,7.2553
3,2.67753333333333
0,3.38
3,2.62733333333333
17,3.92853333333333
17,15.1945333333333
2,3.15976666666667
0,1.22966666666667
7,9.22413333333333
8,6.275
3,3.69246666666667
2,3.2429
1,6.9734
0,5.80343333333333
3,8.1507
2,7.42483333333333
18,7.52503333333333
18,9.9874
0,2.39386666666667
3,2.65803333333333
0,6.7504
8,6.46173333333333
2,3.15786666666667
0,0.7443
3,3.03833333333333
3,1.67606666666667
17,4.3846
17,15.9323333333333
18,6.08873333333333
3,2.677
3,2.6613
1,1.47963333333333
0,1.89966666666667
0,3.46656666666667
3,2.18656666666667
2,9.85853333333333
18,16.7108333333333
1,1.4865
0,3.50446666666667
3,2.8484
8,6.20946666666667
3,2.89116666666667
3,3.82566666666667
16,16.3984666666667
0,1.0182
3,3.34946666666667
3,3.5988
1,6.30896666666667
18,8.57153333333333
1,1.5145
3,1.6196
7,8.0351
17,5.45253333333333
0,5.13626666666667
3,7.0399
0,2.80806666666667
3,3.32663333333333
2,5.9493
7,9.29603333333333
19,13.0919
0,2.5419
3,2.52776666666667
2,3.18973333333333
18,16.3419333333333
18,15.7744333333333
6,11.5037333333333
3,10.1374
3,6.6555
1,3.9298
1,5.07226666666666
18,14.4927666666667
0,1.13706666666667
0,1.02046666666667
3,2.8525
2,3.12976666666667
18,15.7296
1,1.56713333333333
3,4.6121
0,6.88366666666667
6,12.1120666666667
3,2.7341
18,16.5390333333333
18,7.34493333333334
0,3.3498
3,2.69013333333333
3,8.43013333333333
1,7.10793333333334
18,16.3885333333333
3,2.49396666666667
3,1.18246666666667
8,4.08366666666667
18,5.543
1,3.19263333333333
0,1.17013333333333
17,4.1912
17,15.611
3,6.75356666666666
2,3.01406666666667
3,3.16266666666667
3,3.59256666666667
1,2.28536666666667
7,8.59636666666667
16,16.7077333333333
3,2.18906666666667
0,5.93476666666667
8,7.91416666666667
3,2.7403
0,1.88513333333333
3,2.32743333333333
17,4.44766666666666
1,2.91393333333333
2,6.5492
0,2.5685
0,1.0937
3,3.35223333333333
3,2.4822
7,8.66166666666667
3,3.8329
18,13.316
0,2.9778
1,2.09793333333333
2,8.83886666666666
3,5.35646666666666
19,13.0217
3,2.3491
3,3.9606
1,3.6928
18,16.3940666666667
18,8.03843333333334
0,3.22093333333333
1,1.6906
3,4.53586666666667
3,2.24243333333333
18,13.3764666666667
0,1.05793333333333
3,3.40666666666667
17,15.5967666666667
0,5.329
3,4.83486666666667
2,3.22196666666667
0,1.7677
6,12.0293
2,3.18926666666667
2,9.40216666666667
1,2.86676666666667
16,16.3113
1,2.03923333333333
3,2.6562
3,2.49793333333333
7,8.1433
1,3.70596666666667
18,16.8607333333333
0,2.6119
3,2.7018
17,4.2524
8,6.6694
3,2.91126666666667
0,2.92046666666667
0,0.726466666666667
3,3.63076666666666
3,2.3653
17,3.87366666666667
19,12.7209666666667
3,1.08426666666667
3,8.80436666666666
1,7.09896666666667
18,16.3849
3,3.65786666666667
0,5.80233333333334
8,7.7134
3,2.68283333333333
0,0.808533333333334
0,2.95823333333333
18,6.3436
3,7.9242
2,7.33876666666666
7,9.01356666666667
0,2.8558
3,2.618
3,8.07446666666667
18,14.666
1,1.33596666666667
0,1.18563333333333
3,3.05893333333333
2,7.12343333333333
18,16.1254
3,2.46173333333333
7,9.5337
8,6.6613
3,5.33806666666667
1,2.2163
1,6.62363333333333
18,9.5608
0,0.987766666666667
2,3.06593333333333
2,3.391
18,16.7698666666667
3,3.42253333333333
3,4.72686666666667
1,4.80866666666666
1,5.49626666666666
16,14.8352666666667
19,11.8095
0,3.46923333333333
3,2.5876
3,1.81923333333333
6,11.3002
0,6.9659
18,16.5650666666667
0,2.476
3,4.02153333333333
3,3.51113333333333
17,5.59376666666667
0,5.0245
3,2.82186666666667
1,1.8542
0,3.43283333333333
3,3.61383333333333
3,2.42013333333333
17,15.7796
0,1.58393333333333
8,1.98986666666667
17,2.31036666666667
2,10.3956
3,5.4372
0,0.912966666666667
3,1.84383333333333
3,1.21716666666667
18,6.14606666666667
7,8.9611
0,3.7001
3,3.53026666666667
3,2.47443333333333
7,9.72786666666667
8,7.89383333333334
1,8.74106666666667
19,11.0367666666667
0,1.02216666666667
17,16.0131
3,8.84086666666667
3,2.60923333333333
0,0.953866666666667
3,1.0455
18,5.98893333333333
3,7.75693333333334
1,2.51303333333333
18,17.1438333333333
0,3.3669
3,2.4109
3,3.00106666666667
0,6.26983333333334
18,7.48233333333333
0,0.872566666666667
3,2.6464
3,5.14893333333333
0,5.1973
18,16.6219666666667
1,1.15473333333333
3,2.38003333333333
17,3.97653333333333
3,3.69983333333333
1,2.0212
6,11.6965666666667
3,2.87393333333333
2,3.23926666666667
16,16.0913666666667
0,3.73826666666667
3,3.38806666666667
3,3.6022
8,5.84923333333333
0,0.954533333333333
17,4.36546666666667
2,10.2267333333333
3,5.30886666666667
1,2.69256666666667
0,2.67963333333333
3,2.68756666666667
2,3.0387
1,3.89656666666667
2,6.56793333333333
18,16.4809666666667
7,8.42223333333333
18,13.6299666666667
0,1.64063333333333
0,1.1551
7,8.45576666666666
3,2.57273333333333
3,3.71643333333333
18,16.0547
17,4.161
3,9.30356666666666
2,3.0403
1,4.6985
3,3.56716666666667
17,16.2960666666667
3,2.87106666666667
1,7.25953333333333
3,3.70296666666667
3,4.65916666666667
0,5.5766
1,2.18293333333333
18,12.8111666666667
0,1.08396666666667
0,1.61356666666667
3,2.02513333333333
2,3.2734
18,7.91803333333333
3,2.7212
2,8.79856666666667
1,3.15113333333333
19,12.8421333333333
1,1.98816666666667
3,3.3206
0,5.1633
8,6.5339
8,7.44456666666667
3,7.57713333333334
2,7.51833333333333
0,2.82426666666667
0,2.55386666666667
3,2.43063333333333
3,5.3372
18,16.3646666666667
0,3.45596666666667
0,3.7417
3,2.72636666666667
3,0.949966666666667
18,6.189
18,17.2086333333333
7,8.20706666666666
1,1.16213333333333
3,2.94886666666667
3,2.1465
17,4.53336666666667
6,11.4034
16,16.961
0,1.5659
6,11.3784
3,2.64373333333334
2,3.254
18,16.8761666666667
0,1.44866666666667
3,2.34616666666667
17,15.9415333333333
8,6.64763333333334
2,9.17206666666667
7,8.78433333333333
3,4.80133333333334
2,6.7572
1,7.3968
18,8.97146666666666
0,1.0051
3,2.8369
3,2.64483333333333
7,6.1977
18,5.50323333333333
18,13.6189
1,1.93683333333333
0,2.64403333333333
3,1.1191
2,3.5612
16,16.4203666666667
1,2.11106666666667
3,2.3534
3,6.4316
1,3.78216666666667
18,16.5199666666667
0,1.11916666666667
0,3.8915
3,3.8633
3,8.5652
18,16.4460333333333
3,2.80826666666667
17,4.51716666666667
3,2.71146666666667
1,2.5444
1,2.94163333333333
0,3.60993333333333
0,5.89516666666667
3,2.70343333333333
3,4.25136666666667
19,12.9846666666667
0,2.96273333333333
3,2.69083333333333
3,2.16963333333333
17,5.04486666666667
0,5.35943333333333
8,8.53363333333333
3,3.60263333333333
0,1.58553333333333
0,3.2602
3,3.28843333333333
7,7.74653333333333
17,15.8886666666667
17,4.38923333333333
3,6.19013333333333
3,1.18463333333333
0,5.80453333333333
18,6.5971
2,3.361
1,2.816
18,17.0170333333333
1,1.2537
3,4.0246
3,2.5486
6,12.0203333333333
1,7.49843333333333
18,16.4650666666667
0,1.0236
1,2.13826666666667
3,2.61623333333333
17,3.81163333333333
3,3.912
0,3.06133333333333
0,1.10003333333333
3,2.7479
2,9.25073333333333
18,7.80983333333333
0,5.2408
2,3.15216666666667
3,5.0435
7,8.70966666666667
16,16.4601
0,0.988266666666667
3,2.23146666666667
3,2.08456666666667
1,2.28846666666667
18,16.4527333333333
3,4.06016666666667
8,6.21996666666667
3,2.79496666666667
1,3.10816666666667
0,2.56523333333333
3,2.84956666666667
3,3.3444
19,12.8784333333333
18,13.4302666666667
0,3.0065
3,2.87153333333333
8,5.77356666666667
3,9.09336666666667
2,6.27023333333333
1,1.3151
3,8.5235
2,6.28386666666666
18,16.7239333333333
0,4.57516666666667
0,2.4962
3,2.8449
3,2.7112
7,5.78553333333333
18,4.8713
0,1.2842
3,2.373
17,16.2275333333333
2,2.88966666666667
1,2.14636666666667
18,8.49636666666667
7,7.22436666666667
0,2.7919
17,4.3055
3,2.72036666666667
3,6.085
1,6.86053333333333
1,2.10173333333333
2,10.0498
3,3.41493333333333
18,16.8469
0,2.00013333333333
3,2.58733333333333
3,3.7431
0,7.39693333333333
6,12.2281333333333
18,12.9759
0,1.06246666666667
3,3.22066666666667
8,5.46456666666667
8,6.36566666666667
3,5.47983333333333
1,3.36773333333333
0,2.49363333333333
3,2.6118
0,5.50203333333334
2,3.1661
19,13.4325
0,0.972433333333334
3,1.7907
3,1.166
17,4.34376666666667
3,2.10266666666667
16,16.9304
3,3.20503333333333
3,2.7796
1,3.89603333333333
18,16.2465666666667
0,1.03656666666667
3,3.1182
3,3.7433
1,2.66386666666667
18,13.5763
0,2.5125
3,2.67636666666667
3,2.8245
18,7.70003333333333
0,0.942533333333334
3,2.66156666666667
6,11.1932333333333
8,7.09476666666666
3,6.9039
1,4.2495
0,3.79413333333334
3,0.9888
2,3.15966666666667
1,7.37446666666667
7,10.421
18,16.7265666666667
1,1.31123333333333
3,2.1644
0,6.2187
17,15.6684333333333
3,2.55643333333333
18,16.661
1,1.99973333333333
3,4.3134
1,3.8922
2,7.23246666666667
18,16.6028666666667
0,1.1515
3,3.51666666666667
2,10.3163
2,3.18243333333333
16,16.1381
0,3.23416666666667
3,2.334
17,3.4181
3,3.2645
19,12.1064
0,1.12876666666667
3,2.77383333333333
7,6.47529999999999
0,5.56596666666666
18,5.61413333333333
3,8.07483333333333
0,3.83676666666667
17,4.61556666666667
8,7.67456666666666
3,2.70723333333333
3,4.77353333333333
3,2.7876
3,3.9276
3,6.592
1,4.20263333333333
18,16.1926333333333
18,16.3969
3,1.65873333333333
3,0.983233333333334
0,4.1808
17,4.76923333333333
1,2.8306
18,8.28833333333333
0,4.0441
0,2.81866666666667
7,8.40633333333334
8,7.38933333333333
3,3.7058
2,7.33793333333333
0,1.15336666666667
0,0.8196
3,2.0233
17,15.6163
3,5.14563333333333
0,1.15823333333333
3,2.5515
8,5.8823
18,5.7121
3,8.31243333333333
1,1.84433333333333
1,1.34183333333333
3,3.2309
3,2.3312
18,14.0285333333333
3,3.88146666666667
3,2.73736666666667
1,7.1806
16,16.2573333333333
0,1.17833333333333
3,2.50463333333333
0,5.61176666666667
2,3.0539
7,8.3482
19,12.5263
0,4.41853333333333
2,9.31516666666667
2,3.4195
18,16.8533666666667
0,2.56423333333333
1,2.4631
3,2.96723333333333
17,3.9639
6,11.3332666666667
3,2.87006666666667
0,0.9459
0,1.0835
17,4.5765
8,7.09346666666667
3,2.29143333333333
2,9.48446666666667
0,3.37796666666667
3,3.50006666666667
3,2.2699
19,13.3853666666667
0,2.0814
3,2.8977
2,3.03726666666667
7,8.55306666666667
18,13.6271333333333
0,2.45463333333333
3,3.3298
7,6.28686666666667
0,5.82486666666667
18,5.71526666666667
3,8.22173333333333
1,1.49406666666667
3,1.25076666666667
6,11.6256333333333
2,6.90793333333334
18,16.6561
0,0.843366666666667
3,2.38393333333333
3,2.16943333333333
17,4.35046666666667
1,4.34803333333333
1,1.36713333333333
3,2.14563333333333
3,3.37323333333333
1,3.5692
16,15.7529666666667
18,15.7122333333333
0,2.11383333333333
3,3.1497
0,6.61413333333333
3,2.73096666666667
18,7.60646666666666
3,4.97153333333333
1,2.41983333333333
2,3.23416666666667
18,16.6772666666667
1,7.35966666666667
0,2.98056666666667
3,3.67356666666667
17,15.5168666666667
8,6.74823333333333
3,2.58493333333333
3,6.94603333333333
0,1.14903333333333
3,2.69443333333333
8,6.6197
6,11.6988
3,4.97836666666667
1,3.31753333333333
3,3.51363333333333
8,6.5507
3,7.37783333333333
1,2.3883
0,0.9383
3,2.8045
3,3.66303333333333
2,6.08873333333333
1,6.97496666666667
18,9.03626666666666
1,1.65436666666667
3,1.0197
17,4.12413333333333
3,2.7811
18,13.3586333333333
1,2.03236666666667
3,2.48723333333333
3,2.83186666666667
18,13.6354333333333
19,11.8049666666667
0,2.66956666666667
3,2.82443333333333
0,6.05323333333333
18,6.46823333333333
2,10.1983
0,0.8271
0,4.96303333333333
3,2.12606666666667
3,8.83086666666667
18,17.0063333333333
7,9.1026
16,16.7333666666667
0,3.11683333333333
3,3.74116666666667
7,9.52853333333333
2,3.23793333333333
18,16.8484666666667
0,3.2791
3,2.28536666666667
17,15.7941333333333
2,3.23116666666667
1,4.30833333333333
0,0.8821
0,3.25056666666667
3,3.87926666666667
3,2.17726666666667
17,4.1195
1,1.90236666666667
3,3.3977
3,2.21333333333333
0,4.37476666666667
17,4.53033333333333
1,1.5762
3,2.5735
7,9.13113333333333
8,6.3788
3,5.09703333333333
1,3.9143
0,3.20386666666667
3,3.67863333333333
8,5.65853333333334
3,8.5987
1,6.0959
18,8.87436666666667
0,3.69093333333333
0,6.3172
3,6.42096666666667
3,2.56153333333333
7,9.10476666666666
19,13.2861
0,3.19116666666667
6,11.9245333333333
3,3.3104
2,9.02433333333333
1,3.03093333333333
16,15.7627666666667
18,13.4565666666667
0,1.0545
3,3.56466666666667
3,3.53926666666667
18,16.4307666666667
0,1.11923333333333
3,2.88343333333333
17,4.31926666666667
3,2.76513333333333
0,2.5701
3,1.38416666666667
2,3.30306666666667
18,16.9555
0,1.0308
3,2.41756666666667
18,6.13566666666667
2,3.58726666666667
2,7.2261
18,16.8888333333333
0,0.882633333333333
3,2.3176
3,2.1419
17,15.6300333333333
1,3.4863
0,3.38493333333333
1,1.52396666666667
3,3.0458
3,1.51376666666667
19,13.0688666666667
18,12.9149
1,1.56223333333333
0,1.12173333333333
17,15.7629
3,6.91013333333333
3,3.57593333333333
0,1.1072
0,2.66356666666667
8,6.59633333333333
2,3.2726
2,10.1506333333333
0,0.852533333333333
3,3.83266666666667
3,2.10476666666667
1,6.556
18,9.6872
7,9.01956666666667
18,15.2415666666667
3,2.2994
3,4.80923333333333
17,4.91473333333333
1,2.6259
0,2.6516
6,8.83086666666666
8,5.2944
18,5.2445
3,5.5972
1,4.20143333333333
2,8.0931
0,8.7384
0,8.29826666666667
3,7.77543333333333
2,3.02046666666667
18,16.5944
0,0.9835
3,3.3572
3,2.19193333333333
16,16.5373333333333
0,2.57023333333333
3,2.84013333333333
3,2.74906666666667
7,8.5017
3,2.9161
18,17.0058
17,3.87183333333333
3,2.6801
3,2.7041
1,3.96483333333333
0,1.31083333333333
3,2.81796666666667
3,1.85123333333333
17,16.1134333333333
1,2.13366666666667
0,0.951666666666667
0,3.3311
3,2.96873333333333
3,2.71283333333333
18,16.2099
19,12.3343333333333
0,1.29286666666667
3,2.93876666666667
7,6.4742
18,5.8815
2,2.69756666666667
1,2.8713
0,2.5114
3,2.57913333333333
17,4.81593333333333
6,11.2209333333333
3,7.07616666666667
0,3.42153333333333
1,1.77103333333333
3,3.9082
3,3.9322
3,2.85476666666667
18,16.1922666666667
3,1.47583333333333
0,8.70353333333333
0,8.67843333333333
8,9.11056666666667
3,4.6546
3,7.1766
2,10.1982333333333
1,7.313
16,15.6520333333333
18,13.7067666666667
1,1.90133333333333
0,2.77416666666667
3,2.4836
17,4.93973333333333
2,7.42026666666666
3,3.8238
1,3.4589
2,3.22346666666667
18,8.0998
7,7.6639
0,1.55196666666667
3,2.6819
8,6.8628
3,2.55866666666667
18,16.8838333333333
0,1.0156
0,2.47256666666667
3,2.75663333333333
3,2.13473333333333
18,7.8657
0,0.988933333333333
0,0.8155
17,16.3484333333333
17,4.7842
2,2.8995
2,3.38493333333333
1,1.5979
3,3.55423333333333
6,11.6180666666667
3,2.77056666666667
1,7.63243333333333
16,16.1043
0,3.32866666666667
3,3.7248
3,5.3311
1,2.48446666666667
18,13.1705666666667
1,2.00883333333333
0,5.80326666666667
18,6.4266
3,2.74723333333333
2,7.40073333333333
0,1.0573
0,2.50653333333333
3,1.48016666666667
7,8.00983333333333
17,3.73696666666667
2,9.47626666666666
3,2.00766666666667
3,2.15846666666667
8,6.49923333333333
1,4.1345
7,9.89413333333334
3,2.6123
3,3.48786666666667
3,3.68036666666667
0,6.416
18,16.3832
19,12.3826333333333
3,3.5777
8,6.22156666666667
3,7.2164
1,3.13386666666667
18,16.4683666666667
0,3.14043333333333
3,2.65496666666667
3,9.32513333333333
18,15.7928
1,2.12466666666667
3,2.438
8,5.42406666666667
3,6.82233333333333
1,4.50806666666666
7,9.80963333333334
0,0.974466666666667
0,3.31326666666667
3,3.5732
17,16.2133666666667
2,3.384
18,7.92276666666666
3,2.39773333333333
3,2.88163333333333
0,6.0411
8,7.54863333333333
19,12.5485666666667
0,1.33306666666667
2,3.2373
3,2.9199
1,2.31696666666667
18,16.6616
3,2.45836666666667
3,2.74586666666667
1,3.04476666666667
18,16.3855
1,1.35856666666667
3,1.04286666666667
6,12.4600333333333
3,3.5364
2,9.662
16,15.4392
18,13.9937
0,3.66613333333333
3,2.83726666666667
17,4.4702
2,7.28796666666667
0,1.15836666666667
0,2.15493333333333
3,2.26043333333333
18,6.2779
3,8.14003333333333
0,0.9824
0,2.5927
7,6.81383333333333
17,4.6908
3,3.2582
3,4.38476666666667
3,3.7029
3,2.63303333333333
0,6.30226666666667
1,7.28756666666666
18,16.3605333333333
3,2.3133
1,2.15563333333333
2,5.88326666666667
19,13.3478
3,2.2174
8,5.85556666666667
3,2.90033333333333
1,4.74056666666667
1,7.0466
0,2.67
3,2.92433333333333
3,2.7254
17,3.63343333333333
1,2.11296666666667
3,2.75613333333333
7,8.16436666666667
3,8.54559999999999
1,3.2486
18,8.74916666666666
0,1.06616666666667
3,2.0703
0,6.82376666666667
6,12.1093
3,7.24776666666667
16,15.8911
0,3.4319
3,4.99243333333333
3,0.844966666666667
0,5.9232
8,8.1421
18,16.9961333333333
0,2.1879
17,4.47576666666667
2,10.1955333333333
3,3.4569
1,1.43293333333333
0,2.58786666666667
3,2.6894
2,3.14046666666667
18,15.4005666666667
18,13.3178666666667
0,0.9257
3,3.8583
17,14.8519333333333
2,3.52453333333333
18,16.5223666666667
0,1.72413333333333
0,1.21836666666667
3,3.42953333333333
18,5.86216666666666
3,2.6439
3,5.64636666666667
7,9.32306666666667
0,2.40643333333333
6,11.2502333333333
0,5.15473333333333
2,3.03373333333333
2,3.19873333333333
18,16.6708333333333
1,2.03686666666667
0,1.17106666666667
3,3.68686666666667
3,2.29546666666667
18,16.4394666666667
3,2.7199
3,2.17163333333333
7,9.2979
0,6.80983333333333
18,7.65256666666667
0,1.22286666666667
1,1.64886666666667
8,6.22216666666667
3,2.71166666666667
2,8.838
16,16.3008333333333
3,2.83033333333333
17,4.4778
3,2.08633333333333
3,6.7545
1,2.33366666666667
7,6.764
0,2.83493333333333
3,3.18326666666667
8,5.92113333333333
3,2.60373333333333
0,1.03903333333333
3,2.4265
18,6.3316
2,6.53203333333333
18,13.6882
0,1.17803333333333
0,2.47246666666667
3,3.50733333333333
3,4.1382
18,16.1647333333333
0,3.31866666666667
3,0.939966666666667
17,4.23643333333333
3,5.8952
1,2.44093333333333
17,15.145
3,4.1481
3,4.69883333333333
1,5.53096666666667
1,8.56043333333333
19,11.2402333333333
7,10.1879333333333
17,15.5049
0,5.6225
3,2.8083
2,3.2093
1,7.31516666666667
18,16.0563
17,3.9068
18,5.13023333333333
3,2.04576666666667
3,9.315
3,7.44576666666667
1,1.45103333333333
0,2.6807
3,3.5131
3,8.8321
7,10.1733
18,14.7564333333333
0,0.9082
3,3.04976666666667
3,2.10983333333333
1,3.5668
18,16.7296
0,2.6265
0,1.40656666666667
3,2.71133333333333
8,5.90686666666667
3,4.03706666666667
19,13.1554666666667
1,1.63443333333333
0,2.7682
6,9.9777
17,4.7114
3,2.66113333333333
2,6.88843333333333
1,2.0617
3,3.75623333333333
2,9.71623333333334
18,16.7225333333333
0,0.9343
0,3.66046666666667
3,2.35213333333333
3,2.79586666666667
16,16.5032666666667
0,1.05926666666667
3,3.35723333333333
8,6.85336666666667
2,3.2268
3,2.79896666666667
3,1.32993333333333
0,6.7574
1,3.06606666666667
18,7.51173333333333
0,0.867733333333333
3,2.10186666666667
3,2.0128
18,16.5085333333333
0,2.65573333333333
3,2.8895
18,5.6573
3,7.8025
2,3.4247
18,12.5975666666667
1,1.98466666666667
3,3.17666666666667
3,2.55203333333333
17,15.4803666666667
1,3.09343333333333
0,1.0457
0,0.599433333333333
17,4.79963333333333
3,8.91166666666667
3,2.58
16,16.1096333333333
0,1.54513333333333
0,2.78493333333333
3,2.73866666666667
3,1.06166666666667
6,11.3616333333333
18,7.9206
1,1.4088
8,6.75556666666666
2,3.05043333333333
2,7.02243333333333
1,8.12736666666666
7,10.1785333333333
0,6.6313
3,2.9104
2,9.6147
18,16.4087666666667
3,3.11776666666667
17,4.2152
3,2.70523333333333
1,2.3028
3,3.66316666666667
7,8.44773333333333
8,6.57813333333334
0,6.03266666666667
3,5.22003333333333
1,4.08756666666667
0,3.80563333333333
0,3.00573333333333
3,3.83006666666667
3,4.1823
18,13.8174
19,12.2021
0,1.07516666666667
3,2.68953333333333
3,5.2448
16,16.0798333333333
0,1.16743333333333
0,2.55976666666667
3,2.8096
17,15.6465666666667
6,10.9483666666667
3,3.49633333333333
2,3.47196666666667
18,15.8100333333333
3,4.51013333333333
0,4.73976666666667
17,5.28053333333333
2,9.11003333333333
1,2.0336
3,3.3608
7,9.00153333333334
3,2.78103333333333
1,3.05703333333333
19,12.2709666666667
18,13.4242666666667
0,2.89626666666667
0,3.60123333333333
3,3.94933333333333
3,2.73366666666667
8,6.1252
0,0.892
3,2.6376
2,3.1801
1,2.06446666666667
18,16.694
1,1.21756666666667
0,2.63683333333333
18,5.9912
3,2.6614
3,5.87286666666667
18,8.3841
0,1.01393333333333
3,1.4574
17,5.13673333333333
3,6.4201
7,6.89273333333333
3,2.23306666666667
8,6.9698
0,5.73653333333334
2,6.8573
1,3.9299
3,3.9036
3,2.37293333333333
1,7.4573
18,16.4804
0,3.13816666666667
3,3.01703333333333
17,16.0568666666667
17,5.12113333333333
3,1.68606666666667
7,8.87673333333333
0,1.03916666666667
0,1.41553333333333
3,2.6589
18,6.69836666666667
2,3.70066666666667
3,2.09463333333333
2,8.61376666666667
1,2.60006666666667
19,12.6009333333333
3,3.02516666666667
2,3.0312
1,3.21313333333333
18,8.04483333333333
0,2.5582
3,2.4477
0,5.7396
8,7.97533333333333
3,2.74736666666667
3,5.09906666666667
18,12.9231
1,1.3459
3,3.536
2,6.64953333333333
1,4.63086666666667
16,16.2806
0,0.913533333333334
0,2.42213333333333
3,2.07816666666667
3,8.49283333333333
18,16.2995
1,1.31096666666667
3,1.1581
17,4.39323333333333
6,11.8379666666667
3,2.85403333333333
1,6.7217
0,1.11433333333333
3,4.82636666666667
7,9.74053333333334
0,5.8237
8,7.41763333333334
3,7.77236666666667
18,16.7077
0,3.34886666666667
3,2.67396666666667
3,4.4173
18,16.5062
1,2.02326666666667
3,2.62696666666667
6,12.4775666666667
2,3.1629
1,6.87166666666667
18,8.18023333333333
1,1.1754
8,4.24586666666667
18,5.78316666666667
3,8.75756666666666
3,3.75696666666667
1,1.8849
0,2.75493333333333
3,2.24316666666667
0,6.84506666666667
3,2.4558
18,13.4477
0,1.0334
3,2.5931
3,3.1707
17,15.9637333333333
16,16.3638333333333
0,2.6712
3,4.21116666666667
7,6.77353333333333
17,4.56176666666666
2,6.5777
0,1.96356666666667
3,3.36976666666666
3,2.8235
2,10.3013333333333
18,16.1971
0,3.94313333333333
0,1.3363
3,3.09836666666667
3,1.03476666666667
18,16.4558666666667
7,8.8169
0,0.927466666666667
3,2.36873333333333
3,2.79436666666667
1,4.6153
19,12.8314666666667
17,4.4867
8,6.9144
3,4.51386666666667
1,2.61936666666667
2,3.02106666666667
0,2.6088
0,4.98683333333333
3,2.75996666666667
3,7.06833333333333
18,16.5860333333333
1,1.9307
3,2.39653333333333
17,4.5271
3,8.85063333333333
0,1.0797
17,15.8428
6,11.8967333333333
3,8.3718
3,7.40873333333333
3,3.88103333333333
3,4.8066
0,5.2296
1,7.67603333333333
16,16.0680333333333
1,1.592
3,2.87186666666667
8,6.80986666666667
2,9.2978
1,2.6015
0,1.39386666666667
0,3.00973333333333
3,3.5988
3,1.42356666666667
18,5.99873333333333
18,7.8216
0,1.152
0,2.895
3,2.70493333333333
8,6.3163
3,3.9808
3,3.0483
3,2.71126666666667
1,4.78866666666667
7,9.56046666666667
18,14.3601
19,11.3673
0,2.5771
0,2.8372
3,2.61633333333333
2,7.0114
18,16.6416
0,0.9933
3,2.073
17,4.16616666666667
2,2.89236666666667
18,17.2357
3,2.0955
7,7.17963333333333
0,5.7608
18,6.7
2,2.73996666666667
3,2.84173333333333
1,3.1498
1,2.16606666666667
3,3.5836
1,2.78856666666667
2,3.26633333333333
7,8.90623333333333
18,16.3462
3,1.82026666666667
3,0.976333333333334
8,6.09826666666667
3,2.8859
1,7.83933333333333
3,2.29293333333333
0,9.18286666666667
0,9.04233333333333
2,8.61066666666667
18,16.7654333333333
0,3.4627
3,2.99633333333333
3,2.93373333333333
1,3.94633333333333
18,16.4264
18,7.92363333333333
0,0.9491
18,6.17073333333333
3,6.91873333333333
3,2.8076
0,1.06523333333333
0,2.66346666666667
3,3.40253333333333
2,6.28553333333333
18,13.9362
0,2.7985
3,3.0397
6,10.1138333333333
17,4.5885
3,5.3371
0,4.03413333333333
0,1.71743333333333
17,4.22523333333333
8,7.3856
3,1.85466666666667
2,3.03326666666667
0,1.06673333333333
3,3.17996666666667
7,8.88346666666667
17,16.0407333333333
3,8.48356666666667
1,3.25
1,1.2249
3,2.52226666666667
3,2.3368
16,15.8606666666667
19,12.7114333333333
0,2.64726666666667
3,3.05173333333333
3,4.73493333333333
7,9.08233333333333
0,5.71926666666666
18,8.13646666666667
18,16.2793
0,3.50093333333333
18,6.0799
3,2.59483333333333
3,2.63633333333333
1,1.66256666666667
0,3.79863333333333
17,4.47323333333333
3,3.69273333333333
3,5.1514
1,1.28886666666667
3,2.06176666666667
2,3.15633333333333
1,3.04893333333333
18,16.6701333333333
17,16.1028666666667
2,3.42243333333333
2,7.4492
1,4.1731
1,1.82536666666667
3,2.90383333333333
8,5.9195
3,6.93943333333333
1,6.54296666666667
18,16.3490333333333
0,1.045
0,1.00603333333333
3,2.8396
3,1.88293333333333
6,12.0221
16,16.2837333333333
3,2.4425
0,5.974
3,2.71126666666667
19,12.5064666666667
18,13.0783333333333
0,1.1683
0,2.60426666666667
3,2.81583333333333
3,3.63843333333333
8,6.80956666666667
3,10.3065333333333
7,10.6123666666667
0,0.6376
3,1.05353333333333
17,4.6938
2,9.95883333333333
0,3.0086
0,1.1319
3,3.0082
8,6.33796666666666
3,9.16563333333333
3,4.04926666666667
19,11.6022333333333
3,2.66726666666667
18,6.31176666666667
2,7.82046666666666
1,5.64703333333333
3,3.45286666666667
0,5.5828
2,3.0636
18,13.0892
1,1.6265
3,2.4638
1,3.52826666666667
2,3.3636
18,16.2732
0,1.67273333333333
0,4.7607
3,2.9021
7,7.60583333333333
17,4.3224
2,9.50263333333333
3,3.37193333333333
6,10.2485333333333
17,4.83603333333333
3,4.3768
1,2.62516666666667
18,16.8730333333333
0,1.0134
3,2.14606666666667
3,2.7681
18,8.26293333333333
0,1.77903333333333
3,1.08446666666667
0,5.89783333333334
8,7.158
3,2.7182
16,16.1854666666667
1,2.08023333333333
3,2.32303333333333
3,2.73666666666667
1,4.01306666666667
18,16.3137333333333
7,9.74786666666667
0,2.66173333333333
0,3.4312
3,2.8897
17,15.6312666666667
3,6.8814
0,1.08456666666667
8,5.1798
6,9.42873333333333
18,5.7153
3,7.54383333333333
2,3.44376666666667
1,1.74673333333333
0,3.46786666666667
3,3.7953
17,15.8176
3,2.85823333333333
0,3.6168
1,1.50176666666667
3,3.34973333333333
2,8.87566666666667
19,13.3080666666667
0,2.56553333333333
3,2.98363333333333
3,2.7715
3,4.0752
1,2.64243333333333
16,16.2041
3,2.65583333333333
0,6.1357
8,7.7716
3,2.7727
1,7.3441
0,2.6295
7,8.85899999999999
2,3.2873
3,9.18073333333334
18,16.6751333333333
0,1.04
3,2.18363333333333
3,2.19156666666667
1,3.39713333333333
18,16.0968666666667
18,15.8021333333333
0,1.22983333333333
3,3.2036
0,5.53103333333333
2,5.86856666666666
7,8.29716666666666
18,13.6275333333333
0,1.38536666666667
3,2.1607
3,1.09823333333333
18,7.4587
3,2.76293333333333
17,3.6241
17,4.59253333333333
3,4.09633333333333
1,3.69596666666667
0,2.6416
3,2.76163333333333
3,2.36143333333333
7,8.58813333333333
1,2.95926666666667
18,7.3725
0,2.4454
3,2.94846666666667
18,6.2198
3,8.28736666666667
1,1.9506
0,5.54643333333333
3,2.88946666666667
2,8.82176666666667
19,13.0538666666667
0,3.41366666666667
3,1.92026666666667
17,15.7117666666667
3,5.04306666666667
2,3.29373333333333
0,1.131
6,11.5383
3,3.547
2,7.08623333333333
1,8.197
18,15.977
18,16.4108666666667
0,1.05673333333333
0,5.62673333333333
3,2.71436666666667
3,7.04686666666666
18,16.3078333333333
7,9.0202
18,12.9434
3,3.46636666666667
3,2.16606666666667
17,4.40113333333333
1,3.99476666666667
0,3.77146666666667
3,2.8209
3,1.1448
17,4.7166
8,6.90736666666667
1,2.5047
1,1.84913333333333
0,1.0676
3,4.02823333333333
3,4.65666666666667
16,16.2708
0,1.14193333333333
8,6.2325
3,2.45936666666667
2,2.90013333333333
0,1.173
0,0.988466666666666
3,2.0016
3,3.5724
18,8.0506
1,1.5641
3,2.19693333333333
3,6.90616666666667
18,16.2253666666667
18,13.2559333333333
2,9.75743333333333
2,3.36213333333333
1,8.28423333333333
19,12.5762666666667
0,3.0047
3,2.81023333333333
3,4.0762
0,6.53723333333333
18,16.7060333333333
0,1.12616666666667
3,3.4401
8,6.34333333333333
3,5.3759
18,16.5533666666667
3,2.3527
3,2.71016666666667
1,2.3512
7,9.17563333333334
16,16.5453333333333
1,2.1241
3,3.2222
3,2.80633333333333
6,10.2202333333333
17,4.74933333333333
1,3.83103333333333
17,5.18866666666667
17,15.6396333333333
0,5.13066666666667
3,2.72313333333333
3,2.7094
1,3.16116666666667
2,7.3261
0,2.18596666666667
0,3.56933333333333
3,1.05893333333333
7,6.06326666666666
18,5.13876666666666
2,2.91266666666667
0,3.56956666666667
0,2.5788
3,3.82173333333333
8,6.84766666666667
3,8.94863333333333
3,3.88023333333333
0,6.82936666666667
8,6.76353333333333
6,12.2859
3,6.2388
1,3.29646666666667
18,15.9527666666667
0,2.6453
3,3.49306666666667
3,3.3983
1,2.29446666666667
18,8.25656666666667
18,16.1040666666667
0,4.20066666666667
3,1.63836666666667
7,7.87626666666667
17,3.32953333333333
3,2.78983333333333
0,0.557166666666667
3,2.44786666666667
17,4.6294
3,1.87
3,2.6665
2,3.1886
1,5.18343333333333
1,8.11963333333333
19,11.9030666666667
0,1.21216666666667
0,3.18383333333333
2,3.47136666666667
2,7.34783333333333
18,16.4990666666667
0,1.0608
3,2.71513333333333
3,2.01803333333333
18,6.12453333333333
1,1.75236666666667
0,5.645
2,8.60623333333333
3,5.81313333333334
18,14.1063333333333
0,1.4752
1,2.09863333333333
3,2.2142
17,16.0261666666667
8,6.44643333333334
3,3.61486666666667
7,9.11146666666667
0,2.82233333333333
3,2.8468
3,8.59673333333333
3,2.67293333333333
16,15.9174333333333
0,2.4048
3,2.96846666666667
3,1.38843333333333
0,5.89056666666667
8,8.0467
3,2.2666
18,7.8484
0,1.04393333333333
0,1.27706666666667
17,15.7757333333333
3,8.20133333333333
3,7.1833
18,15.8247666666667
3,3.32713333333333
6,11.4458666666667
3,9.59943333333333
1,3.63073333333333
1,5.19353333333333
18,17.0384
0,1.14863333333333
3,1.859
3,1.78853333333333
18,6.1889
0,0.931633333333333
3,2.58793333333333
2,2.9677
16,16.4343666666667
1,1.86316666666667
0,3.08533333333333
8,6.15646666666667
17,4.1938
3,2.76473333333333
2,7.0937
3,2.86763333333333
0,6.25896666666667
3,2.69343333333333
1,1.82676666666667
18,13.6205333333333
0,4.63246666666667
0,3.22653333333333
7,7.90973333333333
17,3.8285
2,9.14753333333333
3,4.073
1,1.42753333333333
3,3.44116666666667
3,2.22153333333333
7,8.8331
19,13.0395333333333
3,3.8875
2,3.50206666666667
18,16.6142666666667
1,7.43083333333333
3,1.18993333333333
17,16.0164333333333
3,2.60676666666667
1,3.9972
18,8.2385
3,3.7946
0,5.39316666666667
3,2.73123333333333
18,16.7728666666667
0,3.32226666666667
3,2.02616666666667
17,4.1047
3,3.87103333333333
0,1.20513333333333
3,2.72763333333333
8,6.68233333333334
2,3.29526666666667
18,16.7137333333333
0,3.35896666666667
0,2.72393333333333
8,6.27953333333333
3,2.7237
2,6.7896
7,9.26563333333333
1,2.00826666666667
3,2.4357
7,8.7749
3,4.74646666666667
1,2.95843333333333
16,16.218
0,0.828833333333333
0,2.564
3,2.22083333333333
18,5.77253333333334
3,7.46926666666667
3,3.04943333333333
0,3.82023333333334
17,4.36423333333334
3,9.30223333333334
1,2.73863333333333
0,1.5035
3,2.72943333333333
6,12.8554
2,9.79053333333334
1,7.66386666666667
18,13.7827333333333
1,1.65233333333333
0,1.60666666666667
3,3.12
3,2.39823333333333
2,3.22076666666667
18,13.8948666666667
19,11.7540666666667
0,3.58456666666667
0,1.252
3,1.97893333333333
3,2.1054
8,6.4902
0,1.03966666666667
18,6.00703333333333
3,2.7325
3,7.83946666666667
18,16.7616333333333
0,1.63843333333333
3,9.10393333333333
2,8.9234
18,14.6019
3,3.7237
3,4.7296
3,1.08316666666667
17,16.3393333333333
0,5.586
1,2.39613333333333
18,7.8874
0,6.06143333333334
8,7.3512
3,2.67253333333333
3,4.98263333333333
1,1.15326666666667
17,4.00733333333333
2,3.2357
2,2.9287
7,6.40383333333333
0,3.6541
0,3.42666666666667
6,11.7358333333333
3,2.11623333333333
3,3.97763333333333
19,12.0427
0,1.1466
3,3.82856666666667
3,2.7336
7,9.8655
1,7.63426666666666
18,16.2052333333333
3,3.2499
3,2.42903333333333
1,3.99443333333333
1,4.6787
18,16.5320333333333
0,2.62076666666667
1,2.39356666666667
3,2.92983333333333
17,4.44863333333333
2,7.44826666666667
16,16.6087666666667
17,16.2044
3,10.005
2,9.4081
1,2.70533333333333
7,10.5234333333333
0,0.893933333333333
3,3.0259
3,2.73576666666667
17,4.4649
18,16.8634
0,3.65053333333333
1,1.40596666666667
3,3.69353333333333
3,2.61443333333334
16,16.3216666666667
18,13.4501666666667
0,1.1555
3,1.75833333333333
3,0.5334
18,6.4121
1,5.7401
0,2.6091
3,2.5513
8,6.12463333333334
3,6.35533333333333
0,2.67433333333333
3,3.72753333333333
7,8.4202
2,3.14563333333333
1,2.99223333333333
18,16.2992666666667
18,7.8715
1,2.0515
3,2.4811
0,5.87923333333333
3,2.74463333333333
19,12.7436666666667
17,4.8026
0,4.9113
3,3.94783333333333
3,4.89063333333333
1,4.21363333333333
0,3.81093333333333
0,1.30773333333333
3,2.18686666666667
6,11.6798
2,3.10696666666667
18,16.4480333333333
0,0.9861
3,2.94453333333333
8,5.8495
3,2.72243333333333
2,7.39963333333333
0,3.1587
0,0.877066666666667
3,1.26023333333333
8,6.099
3,5.6153
0,1.99043333333333
3,2.3129
17,4.45476666666667
2,9.11476666666667
18,14.3354666666667
0,1.4568
1,1.30966666666667
3,3.25683333333333
7,8.62
2,3.28026666666667
16,15.8470666666667
19,13.0933
0,2.6132
3,2.04413333333333
17,16.312
3,8.13896666666667
3,2.95586666666667
18,6.5415
3,3.07823333333333
1,1.57776666666667
18,16.8531666666667
0,1.13893333333333
3,2.72306666666667
3,3.95296666666667
8,6.3668
1,6.97173333333333
1,2.20423333333333
17,3.77366666666667
3,6.17536666666667
2,3.4561
1,3.8561
0,2.64276666666667
3,4.4511
6,11.5478333333333
0,5.2703
2,7.06843333333333
18,16.0863333333333
0,0.9328
3,2.47863333333333
3,2.43786666666667
3,2.65623333333333
1,3.09986666666667
18,16.4991666666667
7,8.97153333333334
3,2.69016666666667
0,6.40786666666667
3,2.7472
18,7.0463
3,2.45916666666667
17,15.7269
0,5.36046666666666
2,2.79056666666667
0,1.19833333333333
3,2.23383333333333
7,9.12383333333333
0,6.51013333333333
3,2.7768
16,15.9475666666667
0,4.1224
0,1.625
3,2.10486666666667
17,4.0266
6,11.2121
3,4.79556666666667
0,1.0812
1,1.44163333333333
3,8.98176666666667
2,3.1646
18,16.5997666666667
0,2.59073333333333
3,1.19116666666667
2,9.24206666666666
1,2.29606666666667
18,14.0171666666667
0,3.3235
17,4.42586666666667
3,1.70496666666667
3,3.39673333333333
18,16.8177666666667
3,2.59133333333333
8,5.29603333333333
8,6.36506666666667
3,6.79653333333333
1,7.55953333333333
7,11.6121
0,1.23073333333333
3,3.185
3,2.7426
1,4.489
2,6.1783
18,13.8164666666667
19,12.0689
1,1.81013333333333
3,3.29553333333333
3,3.5622
1,4.42823333333333
18,7.85703333333333
0,2.58233333333333
3,2.63196666666667
3,2.73473333333333
18,6.285
0,1.25133333333333
3,3.15236666666667
0,5.72973333333333
3,3.40176666666667
18,16.3963333333333
7,8.72303333333333
0,2.57146666666667
3,2.49006666666667
7,8.79586666666667
8,6.11616666666667
2,3.15946666666667
18,7.2171
0,2.82473333333333
17,15.7237
3,2.70233333333333
2,6.5614
0,1.116
0,1.10943333333333
3,3.4242
3,2.68926666666667
3,2.69106666666667
18,16.7180666666667
3,2.16836666666667
8,5.93143333333333
3,7.1066
1,3.43793333333333
1,1.43666666666667
0,0.7424
3,1.28663333333333
17,4.68806666666667
3,1.76226666666667
1,1.2389
3,3.604
18,5.83853333333333
3,8.9842
1,1.3567
16,16.5827333333333
0,2.93676666666667
3,2.4095
2,3.21616666666667
18,13.0058333333333
0,3.6733
3,1.93483333333333
17,4.63773333333333
6,11.2436
2,8.36933333333333
1,4.45386666666667
19,12.5650333333333
3,2.61556666666667
0,6.33303333333334
3,4.63753333333333
1,7.1753
18,16.2747666666667
0,0.7176
3,2.3282
3,2.9184
17,4.3794
3,3.80373333333333
1,2.63956666666667
0,1.79423333333333
0,3.75196666666667
3,3.8799
2,6.84193333333333
16,16.2247666666667
3,2.3977
2,9.77356666666667
1,3.62686666666667
1,7.2662
18,16.3111333333333
18,15.8725333333333
0,1.15066666666667
3,2.20616666666667
7,9.15586666666667
3,9.95436666666667
19,12.6154333333333
1,1.40993333333333
3,1.37146666666667
0,5.29793333333333
2,3.05513333333333
18,16.6871
0,2.99773333333333
0,2.5662
3,3.48716666666667
17,15.9608666666667
6,11.1337666666667
8,6.77943333333334
3,2.69663333333333
18,6.56463333333333
3,2.77743333333333
2,3.51
1,2.41223333333333
0,2.7621
3,2.68563333333333
17,4.1174
3,2.70756666666667
18,13.4294333333333
3,3.28303333333333
3,3.28713333333333
0,6.1111
18,8.95303333333333
7,7.4633
0,1.17226666666667
1,1.71286666666667
8,5.9932
3,8.7001
3,7.64736666666666
0,2.603
3,2.5436
3,2.45886666666667
18,16.5339666666667
7,9.32166666666667
0,2.0386
0,1.43093333333333
3,3.12096666666667
3,2.46933333333333
3,3.22763333333333
8,5.5427
17,3.98456666666667
3,2.61623333333333
0,5.93066666666667
17,16.2406
3,2.63206666666667
1,1.03073333333333
3,2.62873333333333
18,6.2525
3,3.21663333333333
1,2.77026666666667
3,3.61273333333333
17,3.8259
1,2.67766666666667
2,3.0119
1,1.3101
3,2.39143333333333
3,1.26783333333333
7,9.39210000000001
1,6.90796666666667
18,16.3971333333333
0,1.15213333333333
3,5.56986666666667
0,5.72966666666667
3,6.2676
18,12.8918333333333
0,2.54126666666667
0,1.4697
6,12.5542666666667
2,3.43126666666667
3,9.64223333333333
18,7.52873333333333
16,14.7289666666667
0,1.92466666666667
8,6.60903333333334
2,10.0895666666667
3,6.05956666666667
18,16.7397666666667
0,3.51653333333333
3,2.73573333333333
1,4.14516666666667
2,6.76973333333333
19,13.5056
1,1.3861
6,12.1670333333333
8,6.26453333333333
3,2.71093333333333
3,9.77793333333333
1,7.04013333333333
16,15.9921666666667
0,1.0599
3,2.72306666666667
3,2.0907
8,6.57323333333334
0,1.15666666666667
18,6.06943333333333
3,7.54786666666666
2,3.03383333333333
3,1.25466666666667
0,3.58136666666667
17,4.29413333333333
2,5.6098
1,4.2129
19,12.7764333333333
17,5.37276666666667
0,5.4924
2,9.81713333333333
3,5.41143333333333
1,2.66876666666667
7,5.7002
3,2.80666666666667
3,3.24996666666667
17,15.5837333333333
3,3.68696666666667
1,3.36066666666667
0,3.8729
1,2.1321
3,3.41903333333333
3,2.3208
7,8.44043333333333
18,13.1769666666667
0,4.1881
0,4.57126666666667
3,3.4792
3,2.2995
18,16.4853333333333
0,2.55106666666667
3,2.86836666666667
2,3.1787
18,16.3007333333333
18,16.081
0,1.59606666666667
0,1.4918
3,2.9342
3,2.41866666666667
18,7.7263
0,3.16523333333333
3,2.08793333333333
3,3.99576666666667
1,7.34516666666667
7,10.0056333333333
18,13.9913
0,4.10006666666667
17,4.38246666666667
3,2.6949
2,10.3341666666667
1,4.4695
18,17.0952666666667
0,1.01813333333333
0,1.31403333333333
3,3.2314
7,8.49336666666666
3,2.75713333333333
2,3.24316666666667
18,7.84906666666666
1,2.07943333333333
0,2.69453333333333
3,2.9696
3,2.5846
18,16.5821
16,16.4992
0,2.7592
3,4.06556666666667
17,16.0269666666667
3,6.19003333333333
3,3.79343333333333
17,3.5105
18,5.24723333333333
3,4.96676666666666
1,1.24896666666667
0,1.01726666666667
0,1.0352
3,2.4038
3,9.57113333333333
19,12.5787666666667
1,1.9512
3,2.84496666666667
8,6.064
1,3.9776
2,7.66456666666667
0,3.3205
3,2.277
2,2.98686666666667
18,16.0061666666667
3,2.91613333333333
3,1.29206666666667
6,11.6546333333333
0,6.2549
8,7.59576666666667
0,5.33713333333333
3,4.97896666666667
1,3.58516666666667
2,6.89723333333333
18,16.5003
1,1.39216666666667
3,3.44836666666667
2,10.5801333333333
1,7.56333333333333
16,15.9286333333333
0,2.43576666666667
0,1.12576666666667
3,2.6816
17,4.74436666666667
2,3.0611
3,3.31563333333333
0,6.41456666666667
6,11.8370333333333
3,2.8793
1,4.08083333333333
18,16.1054
0,0.920933333333333
0,3.85903333333333
3,2.83056666666667
17,3.9533
2,2.7991
7,6.53033333333333
1,1.88213333333333
3,2.1267
3,2.18276666666667
18,16.5041666666667
3,3.46373333333333
8,6.47753333333334
3,2.718
1,2.16956666666667
18,13.0933666666667
0,1.5027
0,2.61106666666667
3,1.11063333333333
7,7.93813333333334
8,6.16843333333333
3,3.7434
0,2.69573333333333
3,3.08686666666667
3,2.13236666666667
3,8.82823333333333
18,8.7211
19,11.8686666666667
0,1.07026666666667
3,2.15423333333333
17,16.4425
18,5.9655
3,7.54593333333333
0,1.3249
0,3.7772
3,2.41166666666667
3,2.68816666666667
18,14.0201666666667
19,12.5181
0,1.0811
1,2.04156666666667
7,8.70543333333333
17,4.23546666666667
8,6.71536666666667
2,3.1881
2,6.97136666666666
1,1.60463333333333
2,3.1784
2,9.5737
1,7.70223333333333
18,16.4347666666667
0,0.8849
3,2.24906666666667
0,5.44856666666667
3,2.61866666666667
18,12.9195333333333
0,2.4462
3,3.19956666666667
8,6.5674
3,9.86573333333333
3,6.45836666666667
3,2.31776666666667
3,2.43986666666667
17,16.5648666666667
18,6.40966666666667
1,1.77676666666667
0,1.3041
3,3.07823333333333
3,3.7636
16,16.2941
3,1.1663
0,4.79803333333333
6,10.7768333333333
17,5.28826666666667
3,5.95686666666666
1,2.6753
0,2.65573333333333
3,3.2603
3,3.77466666666667
18,16.8237
0,3.20376666666667
3,2.67583333333333
3,2.22436666666667
1,4.3675
18,8.38886666666667
7,7.59466666666667
0,2.4753
3,2.37243333333333
3,1.27713333333333
16,16.2929666666667
0,3.4088
3,2.62553333333333
0,5.90516666666667
18,6.51976666666667
3,5.41913333333333
7,8.4217
0,1.21606666666667
17,16.1271666666667
3,8.40956666666666
3,3.96323333333333
1,4.0379
18,8.92706666666666
0,0.7813
3,1.81976666666667
17,4.19463333333333
1,2.43383333333333
2,6.4427
18,13.6788666666667
3,3.66113333333333
3,2.26673333333333
0,5.51533333333333
18,16.1010333333333
19,12.6625333333333
3,2.5295
3,2.69266666666667
1,4.05323333333333
18,15.8315666666667
0,4.07993333333333
3,3.39983333333333
7,7.86773333333333
17,3.1855
3,2.75453333333333
3,6.83306666666667
1,7.68316666666667
1,1.96363333333333
0,3.28136666666667
3,2.80046666666667
6,11.7490333333333
2,3.2566
18,16.8427666666667
1,1.58016666666667
0,1.30876666666667
3,2.5072
3,2.94566666666667
8,5.91003333333333
0,0.911066666666667
8,6.58453333333333
2,3.1279
2,9.2553
0,1.1589
0,1.2474
3,3.58076666666667
3,3.6851
7,8.7816
16,16.4573666666667
0,1.121
2,3.46923333333333
2,7.19643333333333
18,16.6029666666667
0,2.59053333333333
3,1.2385
18,5.80553333333333
3,7.81256666666666
18,17.3845333333333
3,2.9609
3,2.83783333333333
1,3.25433333333333
18,13.4293333333333
0,1.65036666666667
3,2.47893333333333
8,7.60426666666667
0,5.828
3,2.52663333333333
19,12.6648
3,2.28996666666667
0,5.7956
6,12.2976333333333
8,7.943
3,8.29393333333333
18,17.0215
1,7.354
0,3.04216666666667
3,2.69063333333333
3,2.66573333333333
18,8.61096666666667
7,7.07856666666667
0,2.17723333333333
3,3.70473333333333
17,4.8761
3,3.871
3,4.76753333333333
1,2.98303333333333
1,1.45133333333333
1,2.0211
3,2.35703333333333
17,3.74226666666667
2,9.12696666666667
0,2.591
17,15.6294333333333
3,2.7622
2,3.17766666666667
1,3.49766666666667
3,3.39333333333333
3,2.29726666666667
1,2.0323
18,16.4018666666667
0,1.2905
0,2.63513333333333
7,8.57463333333333
17,4.3262
3,2.24263333333333
3,6.64513333333333
18,13.0578
0,2.16526666666667
0,1.14116666666667
3,2.82993333333333
2,9.8082
16,15.4436666666667
19,12.6846666666667
0,1.32083333333333
3,8.83890000000001
2,4.9884
18,9.34583333333333
7,8.04833333333334
3,3.3104
0,9.45323333333333
8,8.5741
6,12.5135333333333
0,8.98963333333333
2,3.024
0,3.7817
3,2.1659
3,2.80266666666667
18,16.623
1,7.40203333333333
3,2.21613333333333
17,4.6053
2,2.95126666666667
1,3.5156
1,4.4105
1,1.9282
3,2.8788
3,3.91636666666667
8,7.12426666666667
0,3.75743333333333
0,2.61186666666667
3,3.27903333333333
17,15.4482
3,3.72533333333333
3,4.88083333333333
1,0.983133333333334
3,2.676
3,1.00306666666667
18,6.43163333333333
18,16.8737666666667
0,2.78256666666667
3,3.66586666666667
7,8.5602
2,9.13176666666666
18,7.96706666666667
3,1.89363333333333
2,3.298
3,4.22746666666667
1,3.6924
18,13.8689333333333
0,0.625833333333333
0,3.84346666666667
3,4.7561
17,4.56803333333333
6,10.8021333333333
2,7.3152
3,2.59526666666667
3,3.22223333333333
17,15.4764333333333
1,3.67796666666667
0,1.27863333333333
3,2.31276666666667
3,1.08693333333333
18,16.7347666666667
1,7.55103333333334
0,2.7046
3,2.1131
0,3.9389
8,3.64373333333333
17,3.24566666666667
3,2.70673333333333
1,1.35496666666667
1,2.09486666666667
3,2.9818
8,4.2316
18,5.1025
3,5.82976666666667
0,0.921866666666667
3,2.77743333333333
0,5.5372
3,2.73133333333333
16,16.0909666666667
19,13.5010666666667
0,0.708166666666666
0,2.52796666666667
3,2.59156666666667
3,7.0518
18,16.5711
3,9.6071
1,2.18553333333333
2,3.11846666666667
7,10.4177666666667
18,16.3701666666667
0,2.4328
3,2.75436666666667
3,3.55486666666667
8,6.62916666666667
1,2.82763333333333
16,16.1586
3,1.07306666666667
17,16.3466666666667
3,8.67520000000001
1,6.36073333333334
0,1.04726666666667
3,2.77196666666667
8,6.09283333333333
3,7.12166666666667
0,4.01383333333333
0,1.86553333333333
2,3.56383333333333
3,4.03163333333333
19,13.3110333333333
0,1.06
3,3.32366666666667
7,9.14053333333334
3,5.47226666666667
18,13.0382333333333
3,3.085
17,5.3478
0,5.00623333333333
2,2.98946666666667
1,4.14633333333334
18,16.2199333333333
1,1.4063
0,3.18663333333333
3,2.19993333333333
6,11.4744
3,2.74323333333333
18,16.6066333333333
1,2.1467
3,2.2203
3,2.7709
1,2.97456666666667
18,8.96186666666667
7,7.65133333333333
0,1.14583333333333
0,2.6452
3,2.46816666666667
17,4.4439
2,10.7787
2,7.9971
18,17.0945666666667
3,2.7622
3,2.04826666666667
0,5.80816666666667
18,7.22196666666667
1,0.9163
3,1.72583333333333
3,2.5059
6,9.09286666666667
18,6.41116666666666
1,1.67423333333333
1,2.08123333333333
0,0.872966666666667
3,3.22166666666667
3,4.82616666666667
19,13.3179666666667
0,2.61616666666667
3,1.3729
3,2.76106666666667
18,13.5054333333333
17,5.8788
0,5.20173333333333
8,6.65793333333333
3,7.22393333333333
3,4.35033333333334
7,7.08126666666667
0,1.0684
3,2.73486666666667
0,5.49683333333333
3,2.67636666666667
18,16.3708
0,3.31836666666667
3,2.6747
3,3.53286666666667
8,6.80253333333333
1,3.0323
3,2.26956666666667
2,3.42603333333333
1,4.01836666666667
18,16.4008333333333
18,7.90463333333333
0,1.65946666666667
17,15.9224
3,7.26403333333333
2,11.1680666666667
1,6.784
18,15.9634333333333
0,1.23686666666667
7,6.7973
17,4.75166666666667
2,2.72993333333333
2,7.1136
0,4.5746
0,5.11793333333333
3,3.64186666666667
3,2.45363333333333
3,2.51153333333333
16,15.9878666666667
0,0.935566666666667
1,1.64826666666667
8,6.11856666666667
3,3.3066
2,10.0025666666667
0,1.30603333333333
3,1.89386666666667
18,5.95133333333333
3,2.62986666666667
0,6.07746666666667
6,12.0340333333333
3,7.09926666666666
3,8.8192
18,16.5479333333333
0,0.974866666666667
3,3.31376666666667
3,3.9618
0,5.82413333333333
8,7.7651
0,2.62873333333333
3,3.51633333333333
3,3.8228
1,3.756
2,3.33613333333333
18,15.6625666666667
18,13.7328666666667
3,2.71813333333333
17,3.95223333333333
2,2.69783333333333
1,6.78906666666667
0,2.46703333333333
1,2.3821
3,2.27033333333333
17,4.2381
3,4.86593333333333
7,6.71446666666667
18,16.2064333333333
0,3.70143333333333
3,2.5796
3,2.2445
1,4.41366666666667
19,12.7975666666667
0,3.2772
3,1.6857
3,2.81723333333333
1,2.3755
18,7.85723333333333
0,1.20263333333333
3,2.3899
7,9.1342
17,15.7636666666667
2,6.34086666666666
16,16.6686333333333
0,1.1835
17,5.57626666666667
8,6.31573333333333
3,7.74416666666666
3,3.79216666666667
1,6.1878
0,3.3117
0,3.63113333333333
3,2.6098
3,1.9047
7,8.38533333333333
19,13.1047
0,1.00203333333333
3,8.79066666666667
2,9.66273333333333
16,15.4998666666667
18,16.0378333333333
0,2.0848
3,1.28193333333333
7,9.95203333333334
0,6.6488
2,6.92586666666667
18,16.5356
0,2.674
18,6.12836666666667
3,4.86103333333333
2,3.36486666666667
1,1.53813333333333
2,3.14193333333333
3,2.8
18,16.5463333333333
0,2.63206666666667
3,3.73053333333333
3,3.49873333333333
17,15.7059
1,2.36333333333333
0,1.00933333333333
3,3.26223333333333
3,2.85696666666667
6,10.1487333333333
17,4.92346666666666
3,2.7425
1,2.44573333333333
3,3.1012
3,2.2898
0,5.4404
1,4.2697
18,7.93196666666667
1,1.8686
3,2.5666
8,6.1705
3,2.5686
18,13.3945666666667
0,2.38276666666667
0,2.72553333333333
3,4.15586666666667
2,3.18933333333333
16,15.9654666666667
18,15.8464
0,1.00133333333333
3,1.06636666666667
3,2.21953333333333
1,7.76046666666667
18,16.4279
7,11.1567
0,3.5179
1,2.13363333333333
3,2.95233333333333
17,4.372
3,6.4148
0,0.738933333333333
3,3.43736666666667
6,10.0488666666667
17,4.8711
2,9.6652
3,5.4155
18,16.9345
0,3.21496666666667
3,2.25826666666667
3,2.08503333333333
0,5.409
18,13.3548
0,1.02623333333333
3,3.64303333333333
2,3.362
19,13.3312
3,4.66826666666667
8,5.94766666666667
3,8.0818
1,2.8023
0,1.05116666666667
0,5.8573
8,7.16573333333334
3,2.7365
2,6.22413333333333
18,8.63906666666667
3,3.03243333333333
7,8.88273333333334
17,15.7234
3,2.8717
1,2.08573333333333
1,1.0599
3,2.61696666666667
3,2.0874
18,6.15363333333333
1,2.70576666666667
0,2.37073333333333
3,2.7928
3,3.6391
6,12.0471666666667
1,7.375
16,15.6289333333333
0,3.7579
3,2.34756666666667
8,6.23273333333333
2,3.06566666666667
0,4.8549
3,7.13823333333333
2,9.89663333333333
1,2.50673333333333
18,8.40686666666667
0,1.14433333333333
3,2.04616666666667
3,8.684
18,14.5702666666667
0,3.47043333333333
3,3.33206666666667
0,6.67153333333334
3,2.78203333333333
7,9.39006666666667
19,12.4618333333333
0,3.967
1,1.52663333333333
3,2.1997
7,8.80023333333333
3,5.35556666666667
18,16.4107666666667
18,15.5412666666667
1,1.33003333333333
3,2.1495
3,1.24346666666667
17,4.4098
1,2.77036666666667
2,7.76663333333333
18,16.7686666666667
3,2.93876666666667
17,4.02333333333333
17,15.4727
3,2.73806666666667
1,3.58306666666667
0,1.27426666666667
0,1.3016
3,3.44903333333333
3,2.88096666666667
8,7.0777
0,1.09403333333333
18,6.39216666666666
2,3.06276666666667
3,3.36903333333333
0,1.08906666666667
3,1.00823333333333
3,4.81703333333333
1,6.9555
18,16.4201
1,1.09616666666667
7,6.35716666666667
17,16.4649
0,5.68266666666667
18,5.84906666666667
3,2.6401
3,2.77946666666667
0,3.9836
3,3.86373333333333
0,6.388
2,6.75223333333333
18,13.8123333333333
0,2.62533333333333
3,3.10343333333333
3,2.71303333333333
8,6.9318
18,16.7808666666667
3,2.7709
8,5.7553
3,3.67643333333333
1,3.63853333333333
16,16.2947
0,2.1317
1,2.25836666666667
3,5.118
17,4.22843333333333
3,7.068
0,1.01046666666667
3,2.40066666666667
2,2.99786666666667
1,2.20696666666667
2,3.30223333333333
18,16.5095666666667
0,1.03146666666667
3,2.0633
17,4.1268
2,8.85256666666667
7,5.91663333333333
0,1.00616666666667
6,12.3095
3,2.67026666666667
3,9.70879999999999
1,5.4567
18,8.2021
0,2.28246666666667
3,2.26546666666667
3,3.57336666666667
19,12.8294
0,1.0585
3,4.4613
0,5.6618
3,4.94033333333334
7,9.1172
18,13.9116
1,1.70563333333333
0,2.6128
7,6.79896666666667
17,3.7948
3,8.1626
3,2.60306666666667
16,16.4433333333333
0,2.4603
3,2.75316666666667
3,1.1715
18,5.98493333333333
18,16.8822
0,0.954766666666667
3,2.69453333333333
3,2.67046666666667
19,13.0405
17,5.08926666666667
2,3.4551
3,3.9713
1,2.74466666666667
1,5.55246666666667
18,7.33306666666667
3,2.13933333333333
3,2.16123333333333
1,2.34373333333333
18,15.9048666666667
0,2.69043333333333
3,1.9939
8,6.19843333333333
3,6.80443333333333
0,3.4387
3,3.59406666666667
3,3.30153333333333
3,2.30673333333333
8,6.38776666666667
6,11.5758
1,4.173
0,1.1727
0,5.14493333333333
2,9.31663333333333
2,3.48843333333333
18,16.7784
1,2.1286
0,1.0514
3,4.05076666666667
17,15.9266666666667
2,6.97226666666666
0,3.8299
3,3.2533
3,2.77086666666667
7,8.31346666666666
18,16.5742
0,2.5905
17,3.9512
2,2.98866666666667
2,2.98936666666667
0,0.939966666666667
3,3.1501
3,1.97516666666667
6,11.3693
18,13.2635333333333
0,2.16743333333333
1,1.2379
18,5.4982
3,7.5972
2,10.8726
18,7.94223333333333
0,1.4042
3,3.74303333333333
3,3.78163333333333
8,6.04966666666667
18,16.2699
7,8.523
0,2.9165
3,2.21316666666667
8,7.22813333333333
2,7.76256666666667
1,7.91196666666666
3,1.31093333333333
0,8.7316
0,8.6203
3,2.859
18,16.0033
0,3.17286666666667
17,16.1484333333333
17,4.34283333333333
3,9.16856666666667
3,4.3057
1,5.37786666666667
1,2.08786666666667
3,2.82493333333333
3,2.82316666666666
1,3.4993
19,12.5862666666667
0,0.981866666666667
3,2.34616666666667
3,2.68453333333333
3,4.97123333333333
1,2.65226666666667
16,16.3979
3,3.6919
3,1.8841
0,3.77246666666667
17,4.94666666666667
0,1.18186666666667
3,2.12953333333333
7,9.2842
0,6.02093333333333
8,6.73396666666667
3,2.6859
19,12.8030333333333
0,0.945633333333333
0,2.6994
3,3.03743333333333
17,3.85483333333333
3,2.77323333333333
0,3.25713333333333
17,16.5252
2,9.02903333333334
3,4.09193333333333
1,2.68076666666667
18,8.26663333333333
0,3.17876666666667
3,9.7996
3,5.742
1,3.0815
18,16.5952
0,1.1006
0,2.5871
8,6.63253333333333
3,7.80033333333333
2,3.20423333333333
2,7.28003333333333
3,2.95426666666667
3,0.722066666666667
1,7.44686666666667
7,10.5339333333333
16,16.7485333333333
1,1.5209
3,2.50013333333333
3,2.24413333333333
6,11.7953
18,13.4099333333333
0,1.0347
3,2.76753333333333
3,2.7778
18,6.28056666666667
1,2.9313
18,16.8779333333333
1,2.03243333333333
3,2.22556666666667
2,3.30263333333333
18,16.1996333333333
0,2.69096666666667
0,0.503866666666667
3,2.518
3,2.07756666666667
7,5.36883333333333
17,3.4296
18,4.60646666666667
3,3.17163333333333
3,2.69846666666667
0,4.70013333333334
17,3.82043333333333
1,7.5425
19,11.8855666666667
0,2.6113
3,2.3646
3,2.31563333333333
3,8.12946666666666
18,14.1703666666667
0,1.2555
0,1.1979
3,1.05736666666667
8,6.60393333333334
3,6.98786666666667
18,16.4887
3,3.2899
3,4.11996666666667
1,4.0684
18,7.78106666666667
0,0.921933333333333
3,2.67993333333333
3,2.64093333333333
18,16.0140666666667
1,1.46046666666667
0,2.86003333333333
3,3.50926666666667
2,6.79203333333333
18,16.5779333333333
0,3.2067
2,3.4485
3,5.60756666666667
16,16.1797666666667
1,2.1126
6,11.8679666666667
0,5.44146666666667
8,7.14363333333333
3,3.13316666666667
2,9.90383333333332
3,3.4565
17,15.5452
1,2.90963333333333
1,3.46403333333333
2,3.40563333333333
7,8.77466666666667
0,0.5903
3,2.86686666666667
3,2.60776666666667
17,3.95886666666667
18,13.285
0,1.2009
7,8.16163333333333
3,2.76826666666667
3,3.67963333333333
1,3.97716666666667
18,8.1312
3,1.19746666666667
18,6.4243
3,7.94903333333333
1,1.51873333333333
1,2.9267
18,17.0736
0,0.6722
0,2.6512
17,4.66396666666667
2,10.0372333333333
2,3.43996666666667
16,16.7936
0,1.20373333333333
0,3.3059
3,3.50943333333333
3,2.9676
6,11.6008333333333
3,5.0986
19,12.9718
1,1.50776666666667
0,2.91483333333333
3,2.34773333333333
3,2.52523333333333
18,16.9063
1,1.98666666666667
0,6.0388
17,15.9315
3,2.46366666666667
3,2.698
3,2.7249
8,6.66863333333333
2,3.12463333333333
1,7.88743333333333
7,10.6116
3,2.09683333333333
0,6.14566666666666
8,7.0698
2,7.27176666666667
0,3.36353333333333
3,2.29693333333333
3,8.54726666666667
18,16.7498
0,2.6834
3,2.68663333333333
3,6.47703333333333
16,16.5616
1,1.60216666666667
3,3.4857
1,3.59776666666667
2,3.16703333333333
18,16.5337
0,3.0559
1,2.06313333333333
3,2.24896666666667
7,8.78226666666667
2,3.252
3,2.86903333333333
18,16.1248
3,1.21186666666667
3,9.71653333333333
1,3.80523333333333
1,6.15506666666667
18,16.3630333333333
18,8.69493333333333
0,3.11466666666667
3,2.44776666666667
8,6.7629
2,9.30786666666667
0,2.92463333333333
3,2.6438
17,4.94433333333334
3,3.17526666666667
18,13.2901
0,0.947866666666667
3,3.28946666666667
3,3.59226666666667
19,12.7737666666667
0,1.08186666666667
0,0.773466666666667
3,1.8784
3,2.13846666666667
17,4.3793
0,0.821166666666666
17,16.0014
8,6.90136666666667
3,4.97896666666667
2,6.8818
1,7.48686666666667
7,10.5681666666667
0,8.84756666666667
6,10.3138
0,8.6693
18,8.56173333333333
3,2.54806666666667
3,2.6664
3,2.44646666666667
3,2.26386666666667
17,15.4801
1,4.46823333333333
3,3.6797
3,1.92923333333333
7,6.3466
18,5.55183333333333
1,1.50073333333333
0,0.856066666666667
0,3.3628
3,3.47113333333333
8,6.6091
3,9.07926666666667
3,8.05343333333333
7,9.28723333333333
3,1.17876666666667
2,3.14753333333333
1,3.48083333333333
18,13.7991333333333
0,2.53746666666667
0,7.27
6,11.9739666666667
3,2.85933333333333
2,8.96243333333333
18,15.7209
18,15.4696666666667
1,2.08476666666667
17,4.29983333333333
3,1.97903333333333
3,5.7633
18,16.6715333333333
0,1.77436666666667
0,0.9284
8,2.53113333333333
17,2.3629
3,3.36036666666667
2,3.60476666666667
1,1.42193333333333
3,3.2895
3,2.01093333333333
1,6.97833333333333
16,15.9890666666667
0,0.860266666666667
0,1.0081
3,3.33923333333333
2,6.29713333333333
19,13.4296333333333
0,2.6391
3,2.6967
0,5.28976666666667
3,2.84966666666667
18,8.43963333333333
3,2.25556666666667
0,5.83636666666667
2,2.96473333333333
7,8.59823333333333
18,13.2897333333333
1,1.31906666666667
3,4.02276666666667
2,10.2845333333333
1,7.42153333333333
18,16.4609333333333
0,1.075
3,3.50153333333333
7,8.33556666666667
3,2.67483333333333
3,8.69693333333333
18,16.8751
0,1.01813333333333
1,2.17303333333333
3,2.81593333333333
3,3.6556
18,8.1571
19,12.2024
0,2.87083333333333
17,4.67746666666667
2,3.8157
2,6.8931
0,3.1042
3,1.2824
3,2.7677
18,16.6957
16,16.3302
0,2.87483333333333
17,15.6745333333333
3,2.39553333333333
3,6.60843333333333
1,2.70766666666667
0,0.943033333333333
0,2.5347
3,2.49826666666667
17,3.8747
3,4.79043333333333
0,0.973666666666667
3,2.81996666666667
3,2.84313333333333
18,6.17836666666666
1,3.12443333333333
3,3.69883333333333
3,2.1772
0,6.4994
8,6.3563
6,12.1158
8,7.48343333333333
1,3.99906666666667
3,2.7693
3,1.1504
0,5.875
18,6.85683333333334
1,0.978566666666667
1,1.64096666666667
1,2.16673333333333
3,3.02716666666667
3,3.3473
7,8.41236666666667
18,16.3503666666667
3,2.09243333333333
17,4.3907
3,7.25783333333333
1,2.4514
6,11.7955333333333
3,2.51026666666667
3,3.41526666666667
1,7.69043333333333
18,16.6520666666667
0,2.10186666666667
3,2.44066666666667
0,6.92676666666667
2,3.0828
18,16.7576333333333
0,3.08063333333333
3,4.00286666666667
8,5.68863333333333
17,4.16283333333333
3,4.52116666666667
0,1.0814
0,1.14473333333333
3,3.0778
17,15.9389666666667
8,6.47193333333333
3,8.14513333333333
3,2.64036666666667
0,1.05026666666667
3,2.28253333333333
3,2.74373333333333
16,15.6546666666667
19,13.6011666666667
0,3.88136666666667
0,2.6388
3,2.86246666666667
7,8.60566666666666
2,3.17806666666667
18,13.5728333333333
0,2.29446666666667
2,10.5915666666667
2,6.8358
1,4.69996666666667
18,8.0127
1,1.57736666666667
3,2.82453333333333
3,5.05483333333333
7,9.60626666666666
0,6.27823333333333
18,16.5264333333333
1,1.31163333333333
3,3.96503333333333
3,1.1037
1,7.54246666666667
18,16.2558
17,15.3867666666667
3,2.2708
1,2.36233333333333
2,3.42426666666667
0,3.2111
0,4.7748
3,2.6042
17,4.6982
3,7.52973333333333
2,11.9390666666667
16,16.3185
3,4.1248
8,6.78536666666667
6,11.9796
0,6.03816666666667
8,8.08536666666667
1,3.46666666666666
2,7.19603333333333
0,3.5734
3,2.0293
3,10.1317
1,5.11366666666667
18,8.83866666666666
19,12.1259666666667
0,1.13673333333333
0,1.4389
3,2.4201
3,3.55536666666667
7,8.7362
18,16.2446
0,2.70073333333333
3,2.19723333333333
3,5.13313333333333
18,13.6655666666667
0,2.6245
3,3.01283333333333
17,3.98166666666666
3,2.82056666666667
0,1.03036666666667
18,6.24756666666667
3,2.78106666666667
2,2.89073333333333
3,3.4245
0,5.5903
2,9.3391
1,3.31113333333333
18,16.3647
1,1.81003333333333
0,1.10176666666667
8,6.7888
3,2.41893333333333
3,6.5353
2,3.18643333333333
3,3.4382
17,15.4446666666667
3,2.82373333333333
1,2.32763333333333
18,13.8403
0,3.29693333333333
8,6.20066666666667
6,11.8450333333333
3,2.6867
2,3.3963
1,4.21076666666667
0,1.1319
1,1.9665
3,2.7544
3,3.1503
7,8.7895
19,12.7804
3,2.0943
17,5.28323333333333
2,6.20396666666667
1,6.10263333333333
18,7.41753333333334
0,0.914
3,2.95256666666667
0,4.4982
17,4.88483333333333
3,3.16696666666667
18,16.9063666666667
0,3.60666666666667
3,1.62426666666667
3,9.3201
16,16.5334
0,1.14563333333333
0,2.71856666666667
3,2.01783333333333
3,5.22916666666667
18,16.5124333333333
0,2.47513333333333
3,2.4593
3,2.35313333333333
7,6.08786666666667
18,5.46793333333334
3,3.63866666666667
3,1.05366666666667
1,3.44153333333334
1,7.4752
16,16.1744
0,1.06076666666667
3,2.38513333333333
3,2.75926666666667
2,3.00623333333333
18,16.6648666666667
0,1.85373333333333
3,2.70733333333333
0,6.68583333333333
2,6.09596666666667
18,8.1895
0,0.710266666666667
1,1.36646666666667
3,3.68553333333333
17,4.04703333333333
3,2.69316666666667
18,13.1509666666667
0,1.0562
3,2.08243333333333
3,3.26453333333333
18,16.8339333333333
7,8.1088
0,2.5674
0,2.8445
3,3.2686
7,8.63346666666667
8,6.82776666666667
2,3.25123333333333
0,3.54853333333333
3,2.50823333333333
0,6.25
8,7.70166666666667
2,9.694
0,3.1996
3,7.68753333333333
3,6.7174
19,13.858
3,2.21203333333333
6,8.98096666666667
18,6.26576666666666
3,2.8313
1,1.74083333333333
18,17.1152666666667
1,2.14853333333333
3,2.71163333333333
17,16.6228
17,4.21766666666667
3,9.38003333333334
1,4.475
0,0.985266666666667
3,2.90866666666667
3,5.16426666666667
17,15.9794666666667
0,5.92753333333333
3,3.4534
3,3.15583333333333
7,8.57596666666667
8,6.4622
3,9.60446666666667
1,4.71026666666667
1,1.8237
3,1.1501
17,4.46883333333333
3,2.79583333333333
1,3.2085
18,16.9045666666667
0,3.5851
3,2.6049
3,3.52433333333333
8,7.23726666666667
7,8.85363333333333
0,1.15353333333333
3,2.2685
2,3.17296666666667
18,16.6061666666667
0,3.61476666666667
3,2.0462
3,2.3233
1,6.83016666666667
18,8.2861
16,14.7896333333333
18,6.06443333333333
3,2.74776666666667
1,1.5211
2,7.3502
19,15.7274333333333
0,3.6587
0,1.60936666666667
3,7.58063333333333
2,9.5092
18,13.3356
1,2.0648
3,3.1865
3,2.43353333333333
0,6.87223333333334
6,12.3606
18,16.5131
0,0.922633333333333
0,2.60826666666667
17,4.10863333333333
2,3.25323333333333
3,5.27653333333333
3,1.2561
7,8.83723333333333
0,6.5674
3,2.76986666666667
1,1.97456666666667
18,7.43426666666667
3,2.85823333333333
3,2.67016666666667
17,4.41593333333333
17,4.72346666666667
3,3.4735
1,2.54666666666667
0,1.1228
8,6.04126666666666
3,2.39266666666667
3,6.9993
0,1.48366666666667
18,6.02246666666667
2,2.82613333333333
3,2.8215
0,2.6437
3,2.54176666666667
3,2.52273333333333
1,3.83603333333333
18,15.8543666666667
18,15.7009333333333
0,2.41056666666667
3,2.60433333333333
6,11.4786666666667
0,5.46396666666667
8,7.21816666666667
3,4.72996666666667
19,11.8301333333333
1,1.37356666666667
0,4.24233333333333
3,1.99946666666667
2,9.77383333333333
18,15.8678666666667
0,1.01876666666667
17,15.8351333333333
2,3.30053333333333
2,7.18736666666667
7,8.0203
1,2.08843333333333
0,1.24783333333333
3,3.77273333333333
3,2.80723333333333
16,16.6181333333333
0,3.01073333333333
3,3.5264
3,8.47476666666667
1,5.94243333333333
18,14.4568
0,1.17746666666667
3,3.4732
2,6.3883
1,4.27193333333333
18,13.5593
0,0.6207
17,5.05956666666667
2,2.88856666666667
3,3.73223333333333
2,3.5511
18,7.96843333333333
3,2.1893
7,8.33793333333334
3,2.69713333333333
1,3.05346666666667
18,16.5129333333333
0,0.961166666666667
3,2.0823
18,6.1337
2,10.3235
1,5.66293333333334
1,1.58486666666667
1,2.17396666666667
3,2.82116666666667
3,8.11216666666667
18,16.9149333333333
0,2.64333333333333
3,2.44013333333333
8,6.29876666666667
3,3.45523333333333
0,0.6719
3,2.9104
3,4.30536666666667
17,4.6308
0,5.29003333333333
17,15.4929
0,2.76363333333333
3,4.7787
8,7.21483333333334
0,5.4253
3,6.76436666666667
16,16.4993333333333
0,2.31746666666667
3,2.65163333333333
3,2.10826666666667
7,8.79083333333333
18,16.0878333333333
0,3.4678
3,1.44386666666667
6,11.2691666666667
3,2.75753333333333
1,2.17383333333333
19,12.5476666666667
0,1.274
0,2.67536666666667
3,2.6509
3,4.4668
18,8.32483333333333
1,2.09333333333333
0,1.16893333333333
2,3.3029
2,9.6826
18,16.9050666666667
7,8.51876666666666
0,2.44353333333333
3,1.22866666666667
8,6.5819
3,8.1638
18,14.3891333333333
3,3.38193333333333
3,2.8571
0,5.2876
1,7.6618
16,16.1698333333333
0,0.8619
0,3.33753333333333
3,2.57746666666667
3,2.00716666666667
2,3.19536666666667
18,14.4160333333333
19,12.1654666666667
3,5.19743333333333
0,4.268
17,5.48996666666666
3,3.20176666666667
17,15.8854666666667
6,11.7207666666667
3,2.73046666666667
3,6.3018
1,3.97416666666667
1,4.6609
0,3.94863333333333
3,2.66903333333333
3,2.06036666666667
18,6.3111
18,16.6474
1,1.48586666666667
3,2.33876666666667
8,5.7037
1,2.54783333333333
2,6.8439
0,0.626666666666667
3,3.58883333333333
7,8.47633333333333
17,3.7336
3,2.0356
0,3.25126666666667
3,7.969
3,6.87193333333334
18,16.5156666666667
1,7.36616666666667
1,1.22076666666667
0,2.51966666666667
17,4.03756666666667
3,3.64556666666667
2,2.84226666666667
7,6.8349
0,3.59753333333333
3,3.35093333333333
2,8.52946666666667
18,16.2253333333333
19,12.8157333333333
3,5.44646666666667
0,5.929
3,2.76496666666667
18,13.1717666666667
0,1.28783333333333
0,2.49236666666667
3,2.557
3,1.2223
8,6.8041
18,16.2789333333333
3,3.73333333333333
8,5.68683333333333
2,3.44013333333333
1,2.29096666666667
0,1.26553333333333
3,2.74723333333333
6,11.9059333333333
0,5.68546666666666
3,2.79026666666667
16,16.3250666666667
1,1.95663333333333
3,2.37833333333333
7,7.3066
17,4.18043333333333
3,1.86483333333333
3,9.71996666666666
1,4.78223333333333
0,1.1248
0,1.43543333333333
3,3.07053333333333
3,2.2244
17,15.9612666666667
3,2.75283333333333
18,6.15153333333333
1,4.76556666666667
2,7.22626666666667
18,7.8305
0,1.03426666666667
3,3.34366666666667
0,6.13873333333334
3,4.24356666666667
18,8.31823333333333
0,2.5719
0,1.45123333333333
3,2.40536666666667
2,8.94506666666667
18,16.6123666666667
0,0.979266666666667
3,3.2469
3,3.35076666666667
2,3.33876666666667
7,9.03173333333334
18,16.2173
3,6.78406666666666
3,9.3664
1,4.23153333333333
18,13.8476333333333
0,2.37683333333333
0,5.1857
18,6.66156666666667
2,2.8609
2,7.1488
18,16.9295
3,2.0617
7,9.9406
3,2.40693333333333
1,7.70076666666666
19,12.2517
0,0.4772
0,2.12023333333333
3,2.60523333333333
3,1.40236666666667
17,3.80943333333333
17,5.01843333333333
3,2.8605
3,3.68133333333333
17,15.8258
1,3.10696666666667
1,4.4556
16,16.0152333333333
0,2.8595
1,2.14993333333333
6,11.7170666666667
8,7.11626666666667
3,2.7119
3,3.60166666666667
1,1.42733333333333
3,2.22846666666667
8,6.39133333333333
3,2.736
0,1.20243333333333
3,3.1179
0,6.9104
2,2.98356666666667
16,15.9662333333333
1,1.33496666666667
3,2.0749
2,3.05576666666667
1,1.9607
18,13.2660666666667
0,3.0344
3,1.64416666666667
8,6.59006666666667
2,9.42163333333333
7,8.71993333333334
3,3.19073333333333
17,15.6469666666667
8,7.53976666666667
0,5.28973333333333
3,7.80616666666667
1,3.08396666666667
0,2.61876666666667
18,6.376
3,6.1403
3,2.8749
18,8.25933333333333
3,3.395
7,9.90276666666667
3,2.74636666666667
2,6.5401
1,8.74463333333333
19,12.2092
1,1.92643333333333
0,1.36796666666667
3,2.37616666666667
3,4.87086666666667
18,16.6856333333333
0,2.64543333333333
3,3.83163333333333
3,2.97246666666667
1,3.78993333333333
18,16.115
18,16.3805333333333
0,0.943266666666667
0,4.20776666666667
3,2.6818
17,4.31393333333333
6,11.5652333333333
3,2.7538
0,0.784366666666667
3,2.40616666666667
17,4.49693333333333
3,1.714
0,3.16556666666667
8,6.31956666666667
2,3.28436666666667
2,3.17553333333333
1,7.27213333333334
7,10.4581666666667
0,0.699666666666667
3,2.05426666666667
17,3.91596666666667
3,5.72846666666667
18,7.3503
0,3.02063333333333
0,5.69266666666666
3,2.4724
3,4.96416666666667
18,16.3307666666667
18,15.8895333333333
3,3.67706666666667
3,1.23433333333333
0,6.18716666666667
17,14.7751
1,4.28186666666667
19,11.5686666666667
0,2.616
18,6.0119
3,2.76846666666667
3,8.58426666666667
1,2.1332
3,3.18713333333333
3,2.95673333333333
18,16.6375
1,1.99403333333333
3,1.59956666666667
3,4.58763333333333
1,4.27766666666667
2,7.2721
18,14.4080333333333
0,2.77526666666667
3,2.7718
17,3.71206666666667
2,9.90163333333333
1,3.0093
0,1.4366
0,1.04903333333333
3,2.89296666666667
3,2.4085
7,8.07163333333333
16,16.6135333333333
0,1.0783
8,7.1245
6,11.9328
3,2.6265
3,3.75116666666667
0,1.03803333333333
3,3.9285
8,6.1448
3,7.0315
18,16.4584333333333
0,1.0432
3,2.70266666666667
2,5.6168
1,4.33816666666667
19,12.7379
0,1.31246666666667
3,1.1879
3,2.8676
1,3.58276666666667
18,16.6843666666667
0,3.3352
17,5.4633
6,11.8308
3,7.18186666666667
3,5.72433333333333
1,5.835
0,2.68506666666667
3,2.97033333333333
7,8.612
17,15.9256333333333
2,3.1192
1,2.31763333333333
0,2.9117
3,2.0815
0,5.1405
17,4.3464
3,2.6805
1,1.55333333333333
0,1.24186666666667
3,2.93003333333333
3,3.11973333333333
16,15.9794
3,2.2904
3,2.2106
8,7.0603
0,5.86513333333333
2,8.33123333333333
18,13.2847666666667
1,2.1208
3,3.2795
18,6.37843333333333
2,3.4308
18,7.62553333333333
0,3.2724
3,2.6802
3,3.80933333333333
18,16.2583
7,8.8983
0,2.66946666666667
3,2.10536666666667
7,6.9091
0,6.57303333333333
18,6.35333333333333
3,2.70666666666667
0,1.0764
8,6.88126666666667
3,2.77813333333333
2,2.9926
1,3.2742
18,16.5693
1,1.40086666666667
3,2.46433333333333
3,1.39396666666667
0,5.84906666666667
7,8.45333333333333
16,16.5738333333333
3,4.02843333333333
3,2.8415
1,7.24633333333333
18,13.5864333333333
0,2.19723333333333
3,3.07616666666667
17,4.76353333333333
3,6.10966666666667
18,16.1712
0,0.9448
3,10.6876333333333
3,5.78306666666667
1,5.1715
19,12.2738
0,2.44903333333333
0,2.80113333333333
3,3.9529
3,2.58256666666667
17,3.66156666666667
17,15.6104666666667
6,11.5149333333333
3,2.099
1,2.02273333333333
3,2.81486666666667
2,8.67153333333334
1,2.25883333333333
18,7.8437
0,0.9559
3,4.06613333333333
8,6.1168
2,3.26566666666667
0,0.944833333333333
3,2.83846666666667
2,7.57553333333333
18,16.5101333333333
3,4.4804
0,6.71023333333333
6,11.3959333333333
3,2.83423333333333
1,3.4474
18,16.8586
0,2.65493333333333
1,2.35676666666667
3,2.52846666666667
3,2.92283333333333
19,12.9707333333333
0,1.0838
3,1.83426666666667
3,1.08813333333333
7,8.90046666666667
18,16.3441666666667
3,3.25953333333333
3,3.14693333333333
1,3.35113333333333
16,15.9714333333333
0,0.977
3,2.7285
17,4.03046666666667
3,4.00006666666667
18,16.5864666666667
1,1.34916666666667
17,15.9937
3,7.2292
3,9.68106666666667
1,6.38113333333333
7,11.8399
18,14.5715
0,3.3298
3,1.98173333333333
18,6.55933333333333
17,4.6085
3,2.8507
0,1.31346666666667
0,5.66033333333333
2,9.56956666666667
3,4.63763333333333
18,8.42756666666666
0,1.815
0,2.79573333333333
8,6.4369
3,2.58813333333333
2,3.12093333333333
0,3.19086666666667
3,4.23883333333333
8,6.8621
1,3.09283333333333
2,3.28386666666667
2,7.15033333333333
0,3.398
3,2.7653
3,4.4811
1,2.5454
18,16.2969666666667
16,16.1754666666667
0,3.4083
3,2.33123333333333
7,9.62299999999999
17,15.9849333333333
2,3.17183333333333
1,7.99843333333333
0,0.749933333333333
0,3.49503333333333
3,3.87006666666667
18,6.37176666666667
2,3.31113333333333
7,8.02693333333333
0,0.930233333333333
3,3.08323333333333
0,3.44793333333333
17,4.22713333333333
3,2.70013333333333
19,13.3916666666667
0,2.41076666666667
3,1.38993333333333
8,6.85186666666667
3,3.74513333333333
18,16.1265333333333
1,2.14266666666667
0,1.4269
3,2.8096
8,6.5292
6,11.2153
3,2.83493333333333
0,6.1216
3,5.5977
2,6.2378
18,13.9617666666667
1,1.6334
3,3.3455
3,2.01886666666667
3,2.57536666666667
18,16.6832333333333
0,1.131
3,2.23786666666667
17,4.19093333333333
3,6.33113333333333
1,3.9221
3,7.03953333333333
2,9.75806666666667
1,3.39933333333333
18,8.57233333333333
0,1.22136666666667
3,2.46686666666667
1,3.1348
2,3.42693333333333
18,12.6917666666667
1,1.99483333333333
8,6.0441
3,7.24553333333333
2,7.8669
1,7.19773333333333
18,16.3029
6,9.30806666666667
0,5.2698
18,6.59133333333333
3,2.61316666666667
3,2.91533333333333
1,1.44183333333333
0,2.96836666666667
2,3.00236666666667
3,2.8304
3,5.24763333333333
7,9.27056666666667
19,13.0485333333333
1,1.41756666666667
3,3.17956666666667
3,2.10016666666667
0,6.30916666666667
17,15.8912333333333
0,1.1858
3,2.63496666666667
3,2.77853333333333
7,6.74813333333333
17,4.6716
8,6.19023333333333
3,10.0469
2,10.9362
1,5.52696666666667
0,2.3603
0,2.5602
3,3.258
3,3.59453333333333
18,7.5036
16,14.7821666666667
0,1.02903333333333
3,2.12573333333333
3,2.75956666666667
18,15.8539
18,15.7136666666667
0,1.68663333333333
0,3.9568
3,3.9788
3,1.8626
17,4.5517
0,1.35456666666667
0,0.8562
3,3.65603333333333
6,10.8273
17,5.42836666666667
3,2.08823333333333
18,12.7361333333333
3,2.0269
18,6.15653333333333
3,7.6357
1,1.46973333333333
0,4.2268
0,1.90053333333333
8,6.09923333333333
2,3.1905
2,9.30236666666666
7,8.2443
0,0.905233333333333
3,3.57936666666667
3,5.50366666666666
18,16.3752
1,6.7793
3,2.6377
17,4.4369
0,5.7678
8,8.03893333333333
2,2.8224
3,2.7291
3,2.6789
1,4.47066666666666
16,15.9388333333333
1,2.0404
0,2.76146666666667
3,3.12156666666667
3,8.21183333333333
18,16.1776
18,15.7895666666667
3,3.22293333333333
3,3.42743333333333
7,8.404
17,15.5495333333333
1,3.3987
0,3.75636666666667
3,1.0515
0,7.19476666666667
2,6.29393333333334
19,13.2846
0,2.5015
1,1.98816666666667
3,2.30753333333333
3,2.30036666666667
3,2.765
18,7.94266666666667
3,2.6497
3,2.04536666666667
17,4.3166
1,2.4391
17,4.9819
3,3.25553333333333
1,3.17686666666667
2,6.91526666666667
0,2.585
3,3.09196666666667
3,4.47273333333333
1,4.2216
16,15.8863666666667
0,1.12473333333333
3,3.03956666666667
3,2.39863333333333
0,5.39323333333333
3,5.43246666666667
7,9.1886
18,16.5797666666667
0,1.0843
0,6.05976666666667
2,2.92866666666667
3,2.7214
18,16.4598666666667
0,3.19116666666667
3,2.09843333333333
3,5.78416666666667
18,8.43676666666667
0,3.03996666666667
0,1.24416666666667
6,11.4588
8,6.6929
3,2.61286666666667
3,2.6467
1,1.32793333333333
3,1.15813333333333
17,16.2037
8,6.0925
3,8.1868
0,1.06173333333333
3,4.14706666666667
18,6.08596666666667
2,3.4344
1,4.9123
18,13.3951
0,2.873
1,2.23393333333333
3,2.7684
7,8.9416
2,8.12626666666667
18,16.4854
19,12.6334
0,2.6607
3,9.03213333333333
3,2.59373333333333
1,2.3756
16,15.8892333333333
0,2.21403333333333
18,5.92316666666667
3,8.28753333333333
2,7.64166666666667
18,16.5907
0,1.16806666666667
3,4.34873333333333
3,4.35646666666667
3,2.9197
6,12.0374
1,7.80666666666667
18,16.6059333333333
0,3.58793333333333
1,2.0755
3,3.07003333333333
3,2.491
17,16.1322666666667
0,4.1747
3,2.06673333333333
17,4.8645
2,10.2215666666667
1,3.0371
7,8.61726666666667
0,0.934333333333333
3,3.79243333333333
3,2.5899
18,7.80106666666667
19,12.7077333333333
0,1.22666666666667
3,2.29956666666667
17,5.2536
0,4.9579
8,8.1679
3,4.4744
0,1.09663333333333
8,5.6806
2,3.6361
3,4.77023333333333
1,1.59023333333333
3,2.6861
3,2.68353333333333
18,16.3525
3,1.3455
7,9.27813333333334
0,6.20333333333334
2,3.2642
1,4.20423333333333
18,13.4191
3,3.4167
17,15.7699
3,2.3505
1,2.55563333333333
0,3.52596666666667
0,1.45263333333333
3,2.0234
8,6.4329
3,9.41613333333333
2,5.47466666666667
19,13.4322
0,1.26566666666667
3,2.8813
17,4.69543333333333
0,5.09776666666667
2,8.0908
18,13.5313
0,1.09083333333333
3,3.06153333333333
3,1.1034
0,6.6065
7,8.85416666666667
18,16.3204333333333
0,2.71613333333333
8,6.60403333333333
6,11.5617666666667
3,6.97933333333333
3,4.12806666666667
1,4.48393333333333
1,1.54913333333333
3,2.32403333333333
2,3.12373333333333
18,16.6119666666667
0,1.1372
3,2.66746666666667
3,2.1069
7,6.15263333333333
18,5.28806666666667
18,16.9337666666667
0,2.60123333333333
1,2.3957
17,4.43973333333333
3,4.37723333333333
2,3.37363333333333
3,3.013
3,2.82183333333333
1,3.3552
16,16.0415
0,3.2626
3,2.00503333333333
3,2.82026666666667
1,6.48736666666667
18,8.5894
0,1.04743333333333
3,2.26306666666667
2,6.08083333333333
18,16.7264666666667
1,1.83523333333333
0,3.1945
17,4.0504
3,1.80236666666667
3,3.3748
0,1.02236666666667
3,2.6264
18,6.2913
3,8.20903333333333
3,2.62356666666667
1,4.95233333333333
7,11.5687666666667
3,3.30356666666667
3,2.45346666666667
0,6.4994
18,14.673
19,12.3344333333333
0,2.6301
1,2.39736666666667
7,9.2606
17,16.0335333333333
3,5.7588
2,3.1307
18,8.79203333333333
3,3.51606666666667
3,4.0797
1,2.16713333333333
18,16.2290666666667
0,1.00523333333333
3,2.7831
17,4.1695
2,3.1036
0,3.41623333333333
3,2.1985
8,6.7637
3,2.76096666666667
1,3.3324
16,16.3720333333333
0,1.20193333333333
3,1.22483333333333
8,7.10166666666667
2,10.7818333333333
1,4.55443333333333
0,3.12816666666667
3,2.88876666666667
6,11.4171666666667
0,6.26163333333333
3,5.1675
18,13.0292666666667
0,2.56503333333333
3,3.52766666666667
3,2.64326666666667
0,4.62583333333333
17,4.91893333333333
3,2.7302
2,3.0391
1,4.33906666666667
7,9.09380000000001
18,13.7332
3,1.31093333333333
17,5.4251
0,4.66753333333333
1,2.55653333333333
2,3.0505
18,16.9695333333333
0,1.02946666666667
18,5.97433333333333
3,2.83253333333333
2,10.0154666666667
1,5.17113333333334
1,1.5936
3,2.3933
3,2.12196666666667
3,6.60306666666667
18,16.2477666666667
0,1.74453333333333
0,3.49973333333333
3,2.7131
7,8.3025
8,6.4947
2,6.38116666666667
18,8.71753333333333
0,2.8477
3,3.17723333333333
17,15.6308666666667
3,5.07083333333333
0,1.08966666666667
3,3.3803
6,11.9123333333333
3,9.18606666666666
1,2.7299
16,16.0873
0,2.77873333333333
3,2.28286666666667
8,6.34126666666667
3,3.88056666666667
0,1.14523333333333
1,2.08663333333333
3,3.63576666666667
3,2.73163333333333
18,16.4600666666667
19,12.8022333333333
0,1.33826666666667
1,1.68653333333333
3,3.51503333333333
3,2.81056666666667
19,13.0684
3,1.08983333333333
0,4.0812
17,4.773
1,1.96493333333333
2,7.12696666666667
18,16.4877666666667
0,2.20723333333333
3,4.0367
8,6.2089
2,3.2314
0,2.53596666666667
6,9.0605
18,6.45413333333333
3,7.76653333333333
2,2.8278
1,3.0977
1,1.92393333333333
3,2.80246666666667
2,9.58336666666666
1,7.2862
18,16.5972333333333
0,2.73726666666667
8,6.1373
3,10.2610666666667
3,6.45136666666667
1,5.1127
18,14.6016333333333
0,2.53663333333333
3,3.25133333333333
3,2.4626
17,15.7873333333333
7,8.6636
0,0.9496
3,2.5372
3,3.39003333333333
18,8.02773333333333
3,2.4373
3,2.39346666666667
3,1.78733333333333
7,9.03846666666666
17,4.66906666666667
0,5.06436666666667
0,0.996066666666667
0,1.4643
3,2.33163333333333
3,2.73023333333333
18,17.0548333333333
16,16.2602
0,0.975333333333333
0,1.36086666666667
8,5.50626666666666
3,9.47686666666667
3,4.62783333333333
7,10.5568333333333
3,3.70886666666667
0,5.83953333333333
1,4.3235
2,7.74016666666667
18,16.4065666666667
0,4.1369
3,2.25773333333333
3,2.70736666666667
17,4.49616666666667
18,16.185
1,1.8253
3,2.18346666666667
17,4.38033333333333
3,1.6778
0,2.29336666666667
3,1.2502
17,15.7490666666667
6,11.2523333333333
0,5.68276666666666
3,6.95406666666667
2,3.23166666666667
3,2.7603
3,2.94983333333333
1,5.24823333333333
1,8.8926
19,11.1610333333333
0,0.992733333333333
1,1.98253333333333
3,2.24126666666667
2,8.61236666666667
16,15.8799
18,13.4129333333333
3,2.67656666666667
3,2.66573333333333
1,2.41033333333333
18,16.6299
0,3.5579
3,3.21013333333333
7,8.3265
3,4.55826666666667
18,7.85343333333333
0,1.22253333333333
0,2.62196666666667
3,2.8979
8,6.2264
18,5.43273333333333
2,2.7764
0,1.04546666666667
0,2.79263333333333
3,2.62723333333333
3,2.12646666666667
18,16.7256666666667
7,9.2693
18,16.1857
3,3.62
0,6.85276666666667
8,6.8282
6,11.6574666666667
3,4.94406666666667
1,3.0273
3,2.40426666666667
17,5.35973333333333
0,5.3738
3,2.7015
1,1.94023333333333
3,3.24163333333333
17,16.2294666666667
3,2.82863333333333
0,3.7063
0,1.22756666666667
3,2.39553333333333
3,7.0676
18,16.8579
0,0.883966666666667
3,2.897
3,1.28526666666667
17,4.3869
1,1.88526666666667
0,1.9647
8,6.19446666666667
2,9.27096666666667
2,3.0858
16,16.2856666666667
1,1.16146666666667
3,2.34866666666667
2,3.33716666666667
3,4.2201
1,4.39163333333333
18,13.5207
0,2.6625
3,3.98446666666667
2,5.91336666666666
18,8.43326666666666
19,12.8031
0,4.80946666666667
3,2.01233333333333
7,5.8877
18,5.27786666666667
3,8.24116666666667
1,4.65046666666666
1,1.30826666666667
3,2.13496666666667
17,15.6751
6,10.8724333333333
3,2.83833333333333
0,1.0001
3,1.08933333333333
2,9.57773333333333
16,15.6603333333333
18,16.0051333333333
0,4.54006666666667
0,4.32063333333333
3,2.32993333333333
3,2.33276666666667
17,3.96746666666667
17,4.25616666666667
0,1.03416666666667
3,3.22303333333333
3,6.5537
18,16.2119333333333
3,2.10913333333333
8,6.4324
1,3.81033333333333
2,6.95343333333333
7,8.22533333333333
0,3.21993333333333
3,3.1329
0,5.76393333333334
2,3.28636666666667
3,5.11493333333333
18,13.5367333333333
0,5.66686666666667
3,3.7091
1,2.87433333333333
2,3.3347
19,12.9206666666667
3,3.911
7,9.05510000000001
3,2.9518
1,4.458
18,16.5101666666667
1,8.18176666666667
0,0.9845
1,2.06403333333333
3,2.7784
18,6.0144
3,8.4127
18,8.6031
0,1.20526666666667
0,2.62276666666667
3,3.65193333333333
8,6.64723333333333
3,2.74113333333333
0,0.9857
3,3.92056666666667
17,16.0601333333333
6,11.7392666666667
3,6.3662
3,10.9221333333333
1,4.55396666666666
0,1.22703333333333
0,5.87326666666667
3,2.02443333333333
2,3.14696666666667
18,15.8567
18,15.6819
0,2.62503333333333
0,3.9196
3,2.5493
8,6.51796666666667
3,4.9168
16,16.0637666666667
0,0.628166666666667
3,2.65133333333333
7,8.49786666666667
17,4.521
3,2.74053333333333
1,6.4385
18,13.1441666666667
3,2.2931
0,4.51916666666667
17,4.71496666666667
3,2.72096666666667
0,3.50313333333333
1,1.75846666666667
3,3.18116666666667
2,3.20323333333333
18,7.0926
0,1.07216666666667
3,2.8804
3,1.986
19,12.9597
0,2.47346666666667
3,1.17063333333333
8,6.6223
3,3.87123333333333
7,9.24496666666666
1,2.1089
3,3.1784
2,6.8361
18,16.2125333333333
3,2.48576666666667
18,5.993
2,9.80043333333333
1,1.73933333333333
1,3.6118
1,1.3413
3,2.15993333333333
0,6.45816666666667
3,2.75043333333333
18,7.92636666666666
0,1.85986666666667
0,3.7644
3,2.2547
8,5.88053333333333
3,3.29066666666667
0,0.943733333333333
0,2.6417
3,3.22633333333333
17,4.70023333333333
3,7.328
3,5.21946666666667
0,1.16173333333333
3,2.5201
18,6.15296666666667
2,2.98676666666667
0,1.31566666666667
3,1.0785
7,9.12486666666667
8,6.1909
3,6.46213333333333
1,3.90826666666667
0,2.63163333333333
3,2.81703333333333
17,4.8675
1,2.68053333333333
2,5.5155
7,9.53473333333333
19,13.0209
3,3.55036666666666
3,2.7218
1,2.43373333333333
16,16.3220666666667
1,2.0886
3,4.23776666666667
17,16.1203
6,11.9195666666667
2,10.0193666666667
1,7.90953333333333
18,16.3039
0,5.5813
3,2.12
2,3.05163333333333
18,12.8216
0,3.0371
3,2.2606
3,2.741
18,15.6423
18,15.5266333333333
0,1.40406666666667
0,1.1313
8,6.751
3,2.22656666666667
3,8.47796666666666
3,2.7382
3,2.76646666666667
17,15.8219666666667
0,5.9038
1,3.08173333333333
0,0.836766666666667
0,4.01073333333333
3,2.38483333333333
17,4.25343333333333
2,2.92973333333333
3,6.2646
3,2.67783333333333
1,4.49143333333333
19,12.9504
0,2.73233333333333
3,3.32873333333333
2,9.0711
18,15.9372666666667
1,1.36233333333333
3,1.10066666666667
7,7.22706666666666
8,5.05983333333333
17,3.37953333333333
3,2.71976666666667
3,3.0518
1,7.2931
0,3.25183333333333
2,3.14626666666667
3,5.4207
18,16.7601
0,1.07563333333333
3,3.538
3,2.3176
6,11.8707666666667
18,15.8658
18,12.7129
0,2.58536666666667
3,3.64873333333333
1,2.1588
2,6.22393333333333
18,8.4224
1,1.05896666666667
3,1.89056666666667
3,2.1177
0,6.03046666666667
18,7.02293333333334
7,8.66946666666666
16,16.8317
0,2.6179
3,2.85053333333333
3,2.20396666666667
17,4.68196666666667
0,5.47603333333333
0,2.90466666666667
3,3.03756666666667
3,2.25733333333333
16,15.4647333333333
19,12.5188666666667
0,4.75096666666667
3,3.12603333333333
3,1.76743333333333
8,6.34706666666667
18,5.31656666666666
1,5.32433333333333
17,5.0755
3,1.76163333333333
3,2.4863
3,2.60923333333333
1,2.44306666666667
7,9.02933333333333
1,1.3956
3,2.38876666666667
17,15.6534333333333
3,3.63743333333333
1,2.6111
0,1.08743333333333
7,8.34809999999999
2,9.30456666666667
2,3.2785
18,16.2141333333333
0,1.17746666666667
3,2.60396666666667
3,1.12896666666667
0,5.7415
18,16.0214666666667
18,13.4232
0,1.34686666666667
0,1.30243333333333
6,11.8723666666667
3,4.25836666666667
2,5.67396666666667
18,8.24393333333333
0,3.62653333333333
3,7.18006666666667
3,9.09573333333333
18,16.8579333333333
1,2.01506666666667
3,3.69823333333333
8,6.74673333333334
2,3.16173333333333
1,4.17033333333333
0,1.90843333333333
0,2.61716666666667
3,3.47976666666667
2,9.2051
18,7.68926666666666
0,2.93053333333333
3,2.19333333333333
7,8.40046666666666
0,5.57293333333333
17,4.70833333333333
3,2.7229
3,3.23866666666667
8,5.85336666666667
3,6.11156666666666
1,7.42823333333333
16,16.0959666666667
3,2.50223333333333
3,2.61086666666667
1,2.95396666666667
1,3.76906666666667
18,16.8449666666667
3,3.0819
3,2.73693333333333
0,5.91496666666666
7,8.36043333333333
18,13.4695333333333
0,3.6451
3,3.0319
3,2.32813333333333
17,3.81496666666667
6,11.2357
1,1.41183333333333
0,1.18616666666667
3,2.0871
3,1.2726
18,6.51336666666667
18,17.167
0,2.14683333333333
8,6.95176666666667
2,3.04346666666667
2,6.77413333333334
1,3.9019
0,1.1832
1,1.4577
3,9.5216
3,3.9614
2,3.11476666666667
18,16.5268333333333
19,12.2396
0,0.871266666666667
3,2.68536666666667
17,15.6057
3,4.87523333333333
0,1.10776666666667
3,2.43966666666667
3,1.30496666666667
0,5.61586666666667
18,6.36793333333333
18,16.7924666666667
0,3.61406666666667
3,2.72836666666667
3,1.89043333333333
16,16.3027
0,1.4094
3,3.81823333333333
17,15.4135333333333
3,2.54166666666667
18,16.4166666666667
1,1.3949
3,2.5113
3,2.22863333333333
1,3.7839
18,13.0037
0,2.19513333333333
1,2.22603333333333
17,4.5144
2,9.67006666666667
3,5.57513333333333
0,1.00053333333333
3,3.27493333333333
8,7.1191
3,2.80623333333333
0,2.6715
3,2.8081
17,3.99836666666667
2,2.88393333333333
1,2.14076666666667
7,5.71896666666667
0,6.65873333333334
6,12.8425333333333
3,5.76376666666667
3,8.45036666666667
1,6.6619
18,8.64936666666667
18,15.7688666666667
0,1.1396
3,4.11496666666667
8,6.5282
3,2.7978
1,2.4924
2,7.04403333333333
0,3.04436666666667
7,9.03569999999999
3,3.67896666666667
2,3.31043333333333
19,12.6194
3,3.7769
3,1.17016666666667
0,6.15246666666667
8,7.20433333333334
1,1.1364
7,6.54796666666667
18,5.22306666666667
2,3.04323333333333
3,5.596
0,2.1224
3,2.39023333333333
3,4.1537
17,4.54543333333334
1,7.052
18,16.3131333333333
0,2.6318
3,2.74023333333333
3,2.9232
0,5.29563333333334
16,16.3974
18,13.1543
8,6.31803333333334
3,2.6318
3,3.75726666666667
1,3.44053333333333
0,2.84026666666667
0,1.30586666666667
3,2.6872
3,6.7152
2,3.26373333333333
18,16.8042666666667
1,2.27423333333333
3,3.39983333333333
6,12.1274
3,9.32806666666667
1,2.543
18,8.5406
0,1.1017
17,4.19383333333333
17,15.1099333333333
3,2.71266666666667
2,9.6657
1,4.33086666666667
0,1.65803333333333
0,4.78013333333333
3,2.77743333333333
2,6.29136666666667
18,16.5466
7,8.46003333333334
0,0.969333333333333
3,2.95606666666667
3,1.9615
19,12.5676
